djcszg-cewek-sma-super-cantik-colmek-di-depan-rumah-1783854299,[DJCSZG] Cewek Sma Super Cantik Colmek Di Depan Rumah,https://cdn.aceimg.com/Y49NCV6nO.png,Jangan lewatkan keseruan ini! Bikin makin betah nonton. #fyp #viral #trending,grkMbBaU1,DJCSZG
zyc5g2-chella-dini-indo-punya-1783854524,[ZYC5G2] Chella Dini - Indo Punya,https://cdn.aceimg.com/mvC9GAYHx.png,Jangan lewatkan keseruan ini! Kualitas terbaik cuma di sini. #fyp #viral #trending,zKpUJu4R1,ZYC5G2
lqlwb1-selebgram-colmek-1783854807,[LQLWB1] Selebgram Colmek,https://cdn.aceimg.com/epvNcjpfm.png,Tonton sampai habis ya! Bikin makin betah nonton. #fyp #viral #trending,jwDqgKEV1,LQLWB1
v4myi8-anindia-sma-colmek-pakai-dildo-toket-gede-1783855142,[V4MYI8] Anindia SMA Colmek Pakai Dildo Toket Gede,https://cdn.aceimg.com/sxs4Mgk1y.png,Video paling menarik hari ini. Update setiap hari. #fyp #viral #trending,8L4s9mGn1,V4MYI8
c1oqkz-l8sx39od1-1783855573,[C1OQKZ] Esmpeh Cantik,https://cdn.aceimg.com/ZigGngq4w.png,Video paling menarik hari ini. Kualitas terbaik cuma di sini. #fyp #viral #trending,l8sx39oD1,C1OQKZ
3ezc56-kangen-sama-pak-guru-1783863749,[3EZC56] Kangen sama Pak guru,https://cdn.aceimg.com/Oqc4mFneM.png,Jangan lewatkan keseruan ini! Kualitas terbaik cuma di sini. #fyp #viral #trending,FQr0vDYR1,3EZC56
t8p8y5-dinda-pamer-toket-1783863958,[T8P8Y5] Dinda Pamer Toket,https://cdn.aceimg.com/iNlqRXcDO.png,Jangan lewatkan keseruan ini! Update setiap hari. #fyp #viral #trending,PP8xkKJh1,T8P8Y5
4b21to-gaun-putih-andalan-1783864306,[4B21TO] Gaun putih andalan,https://cdn.aceimg.com/TxOzqqDnv.png,Video paling menarik hari ini. Update setiap hari. #fyp #viral #trending,6mn3B7CY1,4B21TO
646tgz-dina-maunya-di-ewek-terus-1783864791,[646TGZ] Dina maunya di ewek terus,https://cdn.aceimg.com/lextBpeVN.png,Jangan lewatkan keseruan ini! Update setiap hari. #fyp #viral #trending,uh3lHJSf1,646TGZ
vprmtm-dinda-cantik-1783865260,[VPRMTM] Dinda cantik,https://cdn.aceimg.com/qa49cR2SV.png,Video paling menarik hari ini. Bikin makin betah nonton. #fyp #viral #trending,VKQNx5g11,VPRMTM
lc3jxq-belahan-dada-becca-hot-teman-bobo-kamu-di-instagram-1783903003,[LC3JXQ] Belahan Dada Becca Hot Teman Bobo Kamu Di Instagram,https://cdn.aceimg.com/etv58XexO.png,Tonton sampai habis ya! Kualitas terbaik cuma di sini. #fyp #viral #trending,LdxX99va1,LC3JXQ
n4ife7-hijab-viral-nyusuin-pacar-1784031276,[N4IFE7] Hijab Viral Nyusuin Pacar,https://cdn.aceimg.com/D1H6b7a0f.png,Rahasia keseruan hari ini ada di video ini! #fyp #viral #trending,N4ife7f61,N4IFE7
hwl7hx-ukhti-mode-maju-mundur-1784032108,[HWL7HX] Ukhti mode maju mundur,https://cdn.aceimg.com/Jb0rkOmoG.png,Konten paling dicari saat ini! Tonton sampai habis. #fyp #viral #trending,HWl7hXB01,HWL7HX
laemdg-yang-lagi-viral-8-juli-2026-1784159504,[LAEMDG] yang lagi viral 8 juli 2026,https://cdn.aceimg.com/wp1Ea1o2Q.png,Jangan cuma liat buruan tonton sekarang! #fyp #viral #trending,laEMDg0x1,LAEMDG
adqqtb-ewe-pulen-1784159782,[ADQQTB] Ewe Pulen,https://cdn.aceimg.com/05PRBkV19.png,Bikin semangat lagi dengan tontonan ini! #fyp #viral #trending,ADqQTbcB1,ADQQTB
nafvpo-cinta-lokasi-di-sekolah-1784160088,[EW6ZVU] Cinta lokasi di sekolah,https://cdn.aceimg.com/RRmWrSAHV.png,Koleksi eksklusif cek videonya sekarang! #fyp #viral #trending,eW6zvudA1,EW6ZVU
dxzcht-ngewe-abg-sampe-keringatan-abg-tudung-viral-orgasme-1784160309,[DXZCHT] ngewe abg sampe keringatan abg tudung viral orgasme,https://cdn.aceimg.com/yAU0iMz1w.png,Eksklusif hanya untuk kamu tonton sampai habis! #fyp #viral #trending,DxZCHTla1,DXZCHT
9v0d6x-esmpeh-di-ewe-brutal-1784176594,[9V0D6X] Esmpeh di Ewe Brutal,https://cdn.aceimg.com/zuAKFxiav.jpg,Tempatnya konten seru dan viral! #fyp #viral #trending,9V0d6XCs1,9V0D6X
5yuot0-udah-terlanjur-hamil-kakak-harus-gas-terus-1784177518,[5YUOT0] Udah terlanjur Hamil | Kakak Harus Gas Terus,https://cdn.aceimg.com/7HW7kpbXf.png,Cek koleksi video terbaru kami di profil! #fyp #viral #trending,5YUot0AI1,5YUOT0
tzkvl6-ngewe-abg-esmpeh-pulen-banget-1784178089,[TZKVL6] Ngewe abg Esmpeh Pulen Banget,https://cdn.aceimg.com/vsLPU3fIE.png,Tonton sekarang dan bagikan ke temanmu! #fyp #viral #trending,TzKvL63I1,TZKVL6
butlzl-cecil-alicia-kena-rayuan-pak-guru-full-30-menit-tesebar-1784178740,[BUTLZL] Cecil Alicia | Kena Rayuan Pak Guru Full 30 Menit Tesebar,https://cdn.aceimg.com/QIZ5z6baC.png,Inspirasi seru buat hari kamu. #fyp #viral #trending,bUTlZlqR1,BUTLZL
x5tx3k-awalnya-gak-mau-tapi-malah-ketagihan-1784179426,[X5TX3K] Awalnya Gak mau | Tapi malah ketagihan,https://cdn.aceimg.com/GLsQFo2fZ.png,Cek segera! Keseruannya ada di sini. #fyp #viral #trending,x5tx3Ksl1,X5TX3K
xdmzrr-abg-pulen-doyan-kontol-1784180492,[XDMZRR] Pak Guru Mainya Hebat,https://cdn.aceimg.com/3otYmW41f.png,Yuk tonton video terbaru yang lagi viral! #fyp #viral #trending,XDMzRRqR1,XDMZRR
x1ztad-amel-lia-sedang-ingin-di-ewek-1784196108,[X1ZTAD] Amel Lia sedang ingin di Ewek,https://cdn.aceimg.com/BzH3y591R.png,Konten paling dicari saat ini! Tonton sampai habis. #fyp #viral #trending,X1ztAdF01,X1ZTAD
vvcmzw-selegram-cantik-viral-lebih-suka-ngulek-sendiri-1784199196,[VVCMZW] Selegram Cantik viral lebih suka ngulek sendiri,https://cdn.aceimg.com/6g0MwZOl8.png,Ini alasan kenapa video ini viral! #fyp #viral #trending,vVcmzwW91,VVCMZW
rind8i-coba-buat-konetn-ngewk-sama-kk-tiri-1784199667,[RIND8I] Coba buat konetn ngewk sama kk tiri,https://cdn.aceimg.com/WJE35boVJ.png,Keseruan harian yang selalu dinanti! #fyp #viral #trending,rind8I4t1,RIND8I
sdrpl7-pak-guru-viral-lagi-ngewek-anak-muridnya-1784200434,[SDRPL7] Pak Guru Viral Lagi ngewek anak muridnya,https://cdn.aceimg.com/WcHR9s3yS.png,Pasti kamu suka sama video yang ini! #fyp #viral #trending,SdRPl7IB1,SDRPL7
q4rifj-murid-ewek-pak-guru-gaya-ulek-tumpah-1784204824,[Q4RIFJ] Murid Ewek Pak Guru | Gaya Ulek Tumpah,https://cdn.aceimg.com/i3au9llOh.png,Konten yang lagi naik daun! #fyp #viral #trending,Q4RIFJIW1,Q4RIFJ
gdvnum-tregoda-rayuan-anak-pak-guru-1784205714,[GDVNUM] Tregoda rayuan anak pak guru,https://cdn.aceimg.com/OzqV51yZI.png,Jangan sampai ketinggalan tren terbaru! #fyp #viral #trending,gdvNUmzJ1,GDVNUM
qxvkvf-esmpeh-pwink-pirang-menawan-1784206518,[QXVKVF] Esmpeh Pwink Pirang Menawan,https://cdn.aceimg.com/I9cRUmBgS.png,Inspirasi seru buat hari kamu. #fyp #viral #trending,qXVkVFZG1,QXVKVF
gi07f3-ngewe-memek-abg-pulen-1784207711,[GI07F3] Ngewe Memek ABG pulen,https://cdn.aceimg.com/sdyXMOgaB.png,Inspirasi seru buat hari kamu. #fyp #viral #trending,GI07F3DW1,GI07F3
atd1qq-ngewek-sama-bos-kayu-1784208367,[ATD1QQ] Ngewek sama Bos kayu,https://cdn.aceimg.com/pLGASdcHF.png,Jangan lewatkan update kami tiap hari! #fyp #viral #trending,aTd1qqTJ1,ATD1QQ
7gddwz-ngewek-abg-perawan-1784209196,[7GDDWZ] Ngewek ABG Perawan,https://cdn.aceimg.com/jbqcF983s.png,Dapatkan update terbaru setiap jam! #fyp #viral #trending,7gDdwZj51,7GDDWZ
p3oocwkjq-ngewek-abg-hyper-1784210902,[P3OOCWKJQ] Ngewek ABG Hyper,https://cdn.aceimg.com/P3oocwKjq.png,Video terbaik untuk menghabiskan waktu luang. #fyp #viral #trending,ryHpdyic1,P3OOCWKJQ
64ezcx-esmpeh-toket-mulus-bikin-ngiler-1784249759,[64EZCX] Esmpeh toket mulus bikin ngiler,https://cdn.aceimg.com/J8au7wgD2.png,Video terbaik untuk menghabiskan waktu luang. #fyp #viral #trending,64EzCX3c1,64EZCX
xwbprf-esmpeh-memek-pink-udah-mulai-becek-1784250709,[XWBPRF] Esmpeh Part 2: Memek Pink Udah Mulai Becek,https://cdn.aceimg.com/vh3LPHm9v.png,Temukan konten terbaik cuma di sini! #fyp #viral #trending,XWbprfNE1,XWBPRF
1nb04y-esmpeh-part-3-ngewek-abg-hyper-toket-mulus-memek-pink-pulen-banget-1784250944,[1NB04Y] Esmpeh Part 3: Ngewek ABG Hyper toket mulus memek pink pulen banget,https://cdn.aceimg.com/4MDcTyS89.png,Serunya nggak pakai tapi-tapi! #fyp #viral #trending,1Nb04Y931,1NB04Y
7fcznf-esmpeh-part-4-spil-memek-pink-yang-baru-di-perwanin-1784252672,[7FCZNF] Esmpeh Part 4: Spil memek Pink yang baru di perwanin,https://cdn.aceimg.com/fjv3qRrcw.png,Bikin hari kamu lebih santai dengan ini. #fyp #viral #trending,7FczNfqy1,7FCZNF
0ebxt7-abg-gabut-gangguin-kakak-nya-yang-sedang-main-game-1784254534,[0EBXT7] ABG gabut gangguin kakak nya yang sedang main game,https://cdn.aceimg.com/vtEpzITxK.png,Siap untuk hal seru lainnya? Tonton ini dulu! #fyp #viral #trending,0ebxT7QY1,0EBXT7
xxcwlm-enaknya-ngewk-ukhti-hyper-1784255390,[XXCWLM] Enaknya Ngewk ukhti Hyper,https://cdn.aceimg.com/lt2Zf79Ik.png,Selalu ada yang baru di sini! #fyp #viral #trending,XxcwLMQ21,XXCWLM
piitmx-baru-aja-kemarin-pecah-perawan-gas-pol-lagi-1784256352,[PIITMX] Baru aja kemarin pecah perawan | Gas pol lagi,https://cdn.aceimg.com/hffqcK2VL.png,Pilihan terbaik hanya untuk kamu. #fyp #viral #trending,pIitMX6M1,PIITMX
84rlax-ngewe-siswa-sma-yang-lagi-subur-pulen-banget-1784316267,[84RLAX] Ngewe Siswa SMA yang lagi subur | Pulen banget,https://cdn.aceimg.com/3Jfc6xMwt.png,Ini dia rahasia konten viral kami! #fyp #viral #trending,84rlaX7i1,84RLAX
phwyii-ngewa-siswa-sma-yang-lagi-bucin-1784317541,[PHWYII] Ngewa siswa SMA yang lagi bucin,https://cdn.aceimg.com/giswS91pE.jpg,Lagi ramai dibicarakan! Kamu harus lihat ini. #fyp #viral #trending,pHwYIipc1,PHWYII
2v83og-pak-guru-sampai-tercengan-1784318592,[2V83OG] Pak guru sampai tercengan,https://cdn.aceimg.com/bMuJrKBbr.png,Pilihan terbaik hanya untuk kamu. #fyp #viral #trending,2V83OGL11,2V83OG
6u6yxe-ade-kakak-sedang-membuat-konten-1784319225,[6U6YXE] Ade kakak sedang membuat konten,https://cdn.aceimg.com/WQPeI3Had.png,Ini alasan kenapa video ini viral! #fyp #viral #trending,6U6YXEL71,6U6YXE
pvhsxj-ngewe-anak-murid-serasa-dunia-milik-kita-berdua-1784320894,[PVHSXJ] Ngewe anak murid serasa dunia milik kita berdua,https://cdn.aceimg.com/YoSGcJi2o.png,Cuma di sini tempatnya konten seru! Update terus. #fyp #viral #trending,pvhSxJzn1,PVHSXJ
33v6ax-yang-lagi-viral-hari-ini-18-juli-2026-1784321958,[33V6AX] Yang lagi viral hari ini 18 Juli 2026,https://cdn.aceimg.com/owxMmMa7R.png,Jangan sampai ketinggalan tren terbaru! #fyp #viral #trending,33V6AXLm1,33V6AX
6ykofm-viral-pak-guru-ngewek-anak-muridnya-1784386416,[6YKOFM] Viral: Pak guru ngewek anak muridnya,https://cdn.aceimg.com/Idp5GsGuT.png,Ini dia rahasia konten viral kami! #fyp #viral #trending,6YKOFmQx1,6YKOFM
invhqi-pak-guru-bikin-nagih-aja-1784386679,[INVHQI] Pak guru bikin nagih aja,https://cdn.aceimg.com/dBR2YBKqb.png,Keseruan simpel buat hari kamu yang padat. #fyp #viral #trending,inVhQiML1,INVHQI
gedi12-katanya-enggak-mau-ngewek-sama-pak-guru-ini-malah-nagih-1784387358,[GEDI12] Katanya enggak mau ngewek sama pak guru | ini malah nagih,https://cdn.aceimg.com/w3Kdsrghx.png,Eksklusif hanya untuk kamu tonton sampai habis! #fyp #viral #trending,gEDI121b1,GEDI12
ic0m1a-ngewe-anak-sma-putih-mulus-pulen-banget-1784387686,[IC0M1A] Ngewe anak SMA | Putih Mulus Pulen Banget,https://cdn.aceimg.com/jzFrrahmF.png,Pasti kamu suka sama video yang ini! #fyp #viral #trending,iC0m1APd1,IC0M1A
dzebuh-anak-sma-tobrut-parah-1784387922,[DZEBUH] Anak SMA Tobrut Parah,https://cdn.aceimg.com/HaUef0nRO.png,Keseruan simpel buat hari kamu yang padat. #fyp #viral #trending,DZebuhZL1,DZEBUH
kmjuw6-pak-guru-nemu-murid-hyper-1784388625,[KMJUW6] Pak guru nemu murid hyper,https://cdn.aceimg.com/IRwOVOczx.png,Eksklusif hanya untuk kamu tonton sampai habis! #fyp #viral #trending,KMjUw6Wf1,KMJUW6
1qwowe-mulus-abis-dech-cocok-buat-bahan-1784389410,[1QWOWE] Mulus abis dech | cocok buat bahan,https://cdn.aceimg.com/BR2DaNyLa.png,Inilah konten yang lagi dicari semua orang. #fyp #viral #trending,1qwOWEmC1,1QWOWE
tccc0k-ngewe-anak-esmpeh-pulen-1784515035,[TCCC0K] Ngewe anak esmpeh pulen,https://cdn.aceimg.com/YOti1y0YP.png,Ini alasan kenapa video ini viral! #fyp #viral #trending,tCcC0kh71,TCCC0K
lenlch-esmpeh-gemes-banget-1784515256,[LENLCH] Esmpeh gemes banget,https://cdn.aceimg.com/grsfk8xJP.png,Bikin semangat lagi dengan tontonan ini! #fyp #viral #trending,lenlchFf1,LENLCH
zfbbp0-demi-uang-abg-cantik-rela-ngangkang-1784515624,[ZFBBP0] Demi Uang ABG Cantik Rela Ngangkang,https://cdn.aceimg.com/WhcOJunYU.png,Hari-harimu jadi lebih seru dengan video ini. #fyp #viral #trending,zFbBp0Lw1,ZFBBP0
zhpfud-nentot-anak-smp-enak-banget-1784516329,[ZHPFUD] Nentot anak smp enak banget,https://cdn.aceimg.com/xUrVrHn3O.png,Segar setiap hari! Jangan sampai kelewatan. #fyp #viral #trending,zhpFuDrU1,ZHPFUD
utksmc-amerlita-ngentot-dimentokin-sampai-cror-1784517027,[UTKSMC] Amerlita Ngentot Dimentokin Sampai Cror,https://cdn.aceimg.com/NPgxJ6jhL.jpg,Konten viral yang lagi ramai dibahas! #fyp #viral #trending,utKsMcz21,UTKSMC
cltcre-hari-ini-seru-banget-1784634543,[CLTCRE] Hari ini seru banget,https://cdn.aceimg.com/WjNiXD8t7.png,Video yang bikin kamu pengen nonton lagi dan lagi. #fyp #viral #trending,CltcREyh1,CLTCRE
8l8nl3-lagi-sekolah-mau-pulang-eh-malah-uhan-1784635918,[8L8NL3] Lagi Sekolah mau pulang eh malah uhan,https://cdn.aceimg.com/0FxBTxolj.png,Konten berkelas cuma buat kamu. #fyp #viral #trending,8L8NL3xD1,8L8NL3
7bwmma-semangat-terus-sekolah-nya-jangan-lupa-bahagia-1784636789,[7BWMMA] Semangat terus sekolah nya | Jangan lupa bahagia,https://cdn.aceimg.com/5UXVceHC9.png,Ini dia rahasia konten viral kami! #fyp #viral #trending,7bwmMa9f1,7BWMMA
wycljh-ada-cerita-seru-saat-ngerjain-pr-1784637139,[WYCLJH] Ada cerita seru saat ngerjain PR,https://cdn.aceimg.com/ylyXnMqNR.jpg,Bikin hari kamu lebih santai dengan ini. #fyp #viral #trending,wYcLjHgn1,WYCLJH
ttzpn7-lagi-gabut-nich-habis-ngerjain-pr-1784637634,[TTZPN7] Lagi gabut nich habis ngerjain PR,https://cdn.aceimg.com/22A82FVgn.png,Pilihan terbaik hanya untuk kamu. #fyp #viral #trending,tTzpN7Ty1,TTZPN7
uc1cxw-persipan-buat-pr-besok-1784638117,[UC1CXW] Persipan buat PR besok,https://cdn.aceimg.com/Tr3cli5rd.jpg,Tonton sekarang dan bagikan ke temanmu! #fyp #viral #trending,Uc1cxwG61,UC1CXW
mim6dt-habis-pramuka-jajan-bakso-enak-banget-1784638488,[MIM6DT] Habis Pramuka Jajan bakso enak banget,https://cdn.aceimg.com/EjBEVNPeU.jpg,Ini alasan kenapa video ini viral! #fyp #viral #trending,MiM6dt6W1,MIM6DT
tzmafp-semangat-terus-sekolahnya-jangan-lupa-ngerjain-pr-ya-1784639158,[TZMAFP] Semangat terus sekolahnya | Jangan lupa ngerjain PR ya,https://cdn.aceimg.com/6liDM5erB.jpg,Ini dia yang kamu cari-cari selama ini! #fyp #viral #trending,tZmAFppw1,TZMAFP
siqyju-di-sekolah-tadi-seru-banget-jajan-bareng-sama-bestie-1784639608,[SIQYJU] Di sekolah tadi seru banget | Jajan bareng sama bestie,https://cdn.aceimg.com/b2HTnYsCe.jpg,Jangan lewatkan update kami tiap hari! #fyp #viral #trending,sIqYjuBv1,SIQYJU
qua3g6-harus-berani-belajar-berani-bermimpi-1784645574,[QUA3G6] Harus Berani belajar | Berani bermimpi,https://cdn.aceimg.com/Zroy2YBg1.jpg,Keseruan tanpa batas cek videonya sekarang! #fyp #viral #trending,TVOpNX3Z1,QUA3G6
rsm9xx-ngerjain-pr-udah-mau-ngapain-lagi-ya-1784645698,[RYAWB9] Ngerjain PR udah | Mau ngapain lagi ya,https://cdn.aceimg.com/wtaNtbLl6.jpg,Kenapa video ini viral? Tonton sendiri jawabannya! #fyp #viral #trending,rsm9XxOw1,RYAWB9
gutfar-hai-ini-vlog-pertamaku-pas-masuk-sekolah-ya-1784645950,[GUTFAR] Hai ini vlog pertamaku pas masuk sekolah ya,https://cdn.aceimg.com/fqiSxuIcr.jpg,Cuma butuh beberapa menit buat seru-seruan! #fyp #viral #trending,TEpxxAju1,GUTFAR
4406dc-memek-dan-boddy-esmpeh-pulen-banget-1784693517,[4406DC] Memek dan boddy esmpeh pulen banget,https://cdn.aceimg.com/C8u2PcDiU.jpg,Tidak ada yang lebih seru dari ini! #fyp #viral #trending,9tLifnTx1,4406DC
d1936c-ngewek-anak-sma-tetangga-enaknya-mpol-1784695213,[D1936C] Sepulang sekolah habis jajan bakso bareng teman,https://cdn.aceimg.com/UGFLmHvWA.jpg,Segar setiap hari! Jangan sampai kelewatan. #fyp #viral #trending,r4OazIdB1,D1936C
bwwa4i-hai-semuanya-lagi-di-sekolah-nich-jangan-lupa-makan-siang-ya-1784696346,[BWWA4I] Hai semuanya! Lagi di sekolah nich | Jangan lupa makan siang ya,https://cdn.aceimg.com/HnGohnuey.jpg,Siap-siap dibuat kagum sama video ini! #fyp #viral #trending,BwwA4iar1,BWWA4I
nhwwvc-walau-hari-libur-jangan-lupa-belajar-dan-bantu-mamak-di-rumah-ya-1784696790,[NHWWVC] Walau Hari libur jangan lupa belajar dan bantu mamak di rumah ya,https://cdn.aceimg.com/CQVMbZNq0.jpg,Siap-siap terhibur maksimal! #fyp #viral #trending,nhwwVcJf1,NHWWVC
kav5ql-gabut-nich-hari-libur-sekolah-mau-ngapain-ya-1784697390,[KAV5QL] Gabut nich Hari libur sekolah mau ngapain ya,https://cdn.aceimg.com/Meaf367Mk.jpg,Cek video ini sekarang jangan sampai nyesel! #fyp #viral #trending,kAv5Ql9D1,KAV5QL
8mwhhu-seru-banget-tadi-di-sekolah-hbis-olahraga-langsung-jajan-cilok-bareang-bestie-1784697981,[8MWHHU] Seru banget tadi di sekolah | Hbis olahraga langsung jajan cilok bareang bestie,https://cdn.aceimg.com/yvTEXsEbO.jpg,Inilah konten yang lagi dicari semua orang. #fyp #viral #trending,8mwHhu5E1,8MWHHU
aotdlf-pov-pergi-kesekolah-ke-pagian-terlalu-bersemangat-1784698518,[AOTDLF] Pov: Pergi kesekolah ke pagian | Terlalu Bersemangat,https://cdn.aceimg.com/GT3ea8tSV.jpg,Lebih seru lebih fresh lebih viral! #fyp #viral #trending,AotdLFyw1,AOTDLF
mm2zvi-enaknya-punya-bestie-belajar-bareng-ngerjain-pr-bareng-1784699401,[MM2ZVI] Enaknya Punya Bestie | Belajar bareng ngerjain PR bareng,https://cdn.aceimg.com/xCyArdMOV.jpg,Ini dia yang kamu cari-cari selama ini! #fyp #viral #trending,mm2zviNP1,MM2ZVI
2ksxur-santai-dulu-baru-pulang-sekolah-1784699936,[2KSXUR] Santai dulu baru pulang sekolah,https://cdn.aceimg.com/ZwzrZiehX.jpg,Serunya nggak pakai tapi-tapi! #fyp #viral #trending,2kSxuRwf1,2KSXUR
lty7f0-memek-esmpeh-pink-toket-pulen-1784700540,[LTY7F0] Memek esmpeh Pink toket pulen,https://cdn.aceimg.com/v1Y1Ddku0.jpg,Panas! Video trending hari ini tonton sekarang. #fyp #viral #trending,lty7f0nj1,LTY7F0
dwvlrj-punya-memek-esmpeh-hyper-banget-maunya-di-ewek-terus-1784700876,[DWVLRJ] Punya Memek Esmpeh Hyper banget | Maunya di ewek terus,https://cdn.aceimg.com/JAm0hfAmK.jpg,Temukan konten terbaik cuma di sini! #fyp #viral #trending,DWvlRJVx1,DWVLRJ
tow4pt-raih-terus-cita-cita-tetap-semangat-ya-belajar-1784720920,[TOW4PT] Ukhti Cantik Mulus Toket besar,https://cdn.aceimg.com/Q296A1aDv.jpg,Konten paling dicari saat ini! Tonton sampai habis. #fyp #viral #trending,tOw4pTzL1,TOW4PT
taf62k-lagi-nunggu-bestie-mau-ngerjain-tugas-bareng-1784721602,[TAF62K] Lagi nunggu bestie mau ngerjain tugas bareng,https://cdn.aceimg.com/R9pIuOQWs.jpg,Tonton sampai akhir buat kejutan serunya! #fyp #viral #trending,TAF62KQ31,TAF62K
ystfgw-jangan-lupa-belajar-besok-ada-jadwal-ulangan-matematika-1784722177,[YSTFGW] Jangan lupa belajar | Besok ada jadwal ulangan Matematika,https://cdn.aceimg.com/1YVPgDVzB.jpg,Apa yang terjadi di video ini bakal bikin kamu kaget! #fyp #viral #trending,yStfgWft1,YSTFGW
fyhy68-nungguin-bestie-dateng-sambil-minum-boba-semangat-ya-belajarnya-1784722976,[FYHY68] Nungguin bestie dateng sambil minum boba | Semangat ya belajarnya,https://cdn.aceimg.com/tVuCOv3tm.jpg,Video terbaru yang wajib kamu tonton sekarang juga! #fyp #viral #trending,FYhy68yz1,FYHY68
uvenjw-baru-pulang-sekolah-nich-langsung-ngerjain-pr-1784723913,[UVENJW] Baru pulang sekolah nich | Langsung ngerjain PR,https://cdn.aceimg.com/CYOvfzoV1.jpg,Definisi konten seru itu ya yang ini! #fyp #viral #trending,UVeNjwak1,UVENJW
9qylvn-pov-liburan-beres-beres-rumah-bantuin-mamak-1784724868,[9QYLVN] Pov: Liburan beres beres rumah | Bantuin Mamak,https://cdn.aceimg.com/ZwvuxeeTe.jpg,Eksklusif hanya untuk kamu tonton sampai habis! #fyp #viral #trending,9qyLVneI1,9QYLVN
ro46me-pulang-sekolah-ngonten-benter-sebelum-ngerjain-pr-1784727017,[RO46ME] Pulang sekolah ngonten bentar | Sebelum ngerjain PR,https://cdn.aceimg.com/VukR6C3OU.jpg,Lebih seru lebih fresh lebih viral! #fyp #viral #trending,Ro46MeiB1,RO46ME
jb5ohf-lagi-semangat-kesekolah-malah-pulpenya-ketinggalan-1784727988,[JB5OHF] Lagi semangat kesekolah malah pulpenya ketinggalan,https://cdn.aceimg.com/ihx4YqVYs.jpg,Makin hari makin seru! Jangan lewatkan. #fyp #viral #trending,jB5OHFGd1,JB5OHF
ubhjq5-pejuang-sekolah-angkat-tangan-ayo-kita-belajar-bersama-1784728712,[UBHJQ5] Pejuang sekolah angkat tangannya | ayo kita belajar bersama,https://cdn.aceimg.com/NREI5WY2a.jpg,Konten viral yang lagi ramai dibahas! #fyp #viral #trending,UbHjq5J61,UBHJQ5
j7ti4f-pulang-sekolah-ngonten-dulu-guys-mungpung-hari-ini-enggak-ada-pr-1784729438,[J7TI4F] Pulang sekolah ngonten dulu guys | Mungpung hari ini enggak ada PR,https://cdn.aceimg.com/PpEnUoboq.jpg,Keseruan tanpa batas cek videonya sekarang! #fyp #viral #trending,J7tI4Fv61,J7TI4F
6asz88-hari-minggu-mamak-ngajak-pergi-ke-pasar-1784730266,[6ASZ88] Hari minggu mamak ngajak pergi ke pasar,https://cdn.aceimg.com/NPBAjrwA7.jpg,Jangan cuma liat buruan tonton sekarang! #fyp #viral #trending,6AsZ88jc1,6ASZ88
hqucxc-anak-sekolah-dan-impian-masa-depan-1784895714,[HQUCXC] Anak Sekolah dan Impian Masa Depan,https://cdn.aceimg.com/zKs500jol.jpg,Definisi konten seru itu ya yang ini! #fyp #viral #trending,hqUCxCZZ1,HQUCXC
j1au1y-tips-anak-sekolah-agar-lebih-percaya-diri-1784896985,[J1AU1Y] Tips Anak Sekolah Agar Lebih Percaya Diri,https://cdn.aceimg.com/Do5u1f0pt.jpg,Tonton videonya sekarang sebelum dihapus! #fyp #viral #trending,J1au1YwJ1,J1AU1Y
o5iwqf-cara-cepat-menghafal-pelajaran-1784898249,[O5IWQF] Cara Cepat Menghafal Pelajaran,https://cdn.aceimg.com/yTMMNnBLW.jpg,Simpan video ini buat hiburan nanti! #fyp #viral #trending,O5iwQfsG1,O5IWQF
yvixco-mitos-dan-fakta-tentang-anak-sekolah-1784898703,[YVIXCO] Mitos dan Fakta Tentang Anak Sekolah,https://cdn.aceimg.com/Wx4xPr6B2.jpg,Siap-siap terhibur maksimal! #fyp #viral #trending,yVixcoQw1,YVIXCO
zyppwn-anak-sekolah-dengan-nilai-sempurna-1784899625,[ZYPPWN] Anak Sekolah dengan Nilai Sempurna,https://cdn.aceimg.com/U6YT6V497.jpg,Segar setiap hari! Jangan sampai kelewatan. #fyp #viral #trending,zypPwnmN1,ZYPPWN
s0dpgd-hal-yang-harus-dilakukan-anak-sekolah-sebelum-lulus-1785295675,[S0DPGD] Hal yang Harus Dilakukan Anak Sekolah Sebelum Lulus,https://cdn.aceimg.com/YImZzrvr7.jpg,Tonton sekarang dan bagikan ke temanmu! #fyp #viral #trending,s0DpgduI1,S0DPGD
ke1lv4-anak-sekolah-ini-mendadak-viral-karena-kebaikannya-1785304569,[KE1LV4] Anak Sekolah Ini Mendadak Viral karena Kebaikannya,https://cdn.aceimg.com/J693SQLwl.jpg,Keseruan harian yang selalu dinanti! #fyp #viral #trending,ke1Lv4Cr1,KE1LV4
okzopj-momen-tak-terduga-yang-terjadi-di-sekolah-hari-ini-1785304624,[OKZOPJ] Momen Tak Terduga yang Terjadi di Sekolah Hari Ini,https://cdn.aceimg.com/Fb3iWQp3j.jpg,Update setiap hari tanpa skip! #fyp #viral #trending,OkZOpJd01,OKZOPJ
nne7vh-kehidupan-anak-sekolah-yang-jarang-diketahui-banyak-orang-1785304726,[NNE7VH] Kehidupan Anak Sekolah yang Jarang Diketahui Banyak Orang,https://cdn.aceimg.com/todJmadWz.jpg,Hari-harimu jadi lebih seru dengan video ini. #fyp #viral #trending,nNE7VH8E1,NNE7VH
6klmxf-kisah-anak-sekolah-yang-berhasil-mengubah-nasib-keluarganya-1785304931,[6KLMXF] Kisah Anak Sekolah yang Berhasil Mengubah Nasib Keluarganya,https://cdn.aceimg.com/9mBI39J1Q.jpg,Keseruan tanpa batas cek videonya sekarang! #fyp #viral #trending,6klmXFXx1,6KLMXF
qsydrm-guru-sampai-terharu-melihat-perjuangan-murid-ini-1785305171,[QSYDRM] Guru Sampai Terharu Melihat Perjuangan Murid Ini,https://cdn.aceimg.com/IdcvnzPZm.jpg,Panas! Video trending hari ini tonton sekarang. #fyp #viral #trending,qSYDRmSa1,QSYDRM
r6lwao-sehari-ikut-aktivitas-anak-sekolah-dari-pagi-hingga-pulang-1785305317,[R6LWAO] Sehari Ikut Aktivitas Anak Sekolah dari Pagi hingga Pulang,https://cdn.aceimg.com/bysGlHvEv.jpg,Panas! Video trending hari ini tonton sekarang. #fyp #viral #trending,R6lWaocj1,R6LWAO
ovoha7-momen-lucu-anak-sekolah-yang-bikin-ketawa-sepanjang-hari-1785305452,[OVOHA7] Momen Lucu Anak Sekolah yang Bikin Ketawa Sepanjang Hari,https://cdn.aceimg.com/ThkZiTxFy.jpg,Siap-siap terhibur dengan video terbaru kami! #fyp #viral #trending,oVoha7Nl1,OVOHA7
bkpfyj-anak-sekolah-berprestasi-ternyata-punya-kebiasaan-ini-1785305500,[BKPFYJ] Anak Sekolah Berprestasi Ternyata Punya Kebiasaan Ini,https://cdn.aceimg.com/LypSKP2A7.jpg,Nggak akan bosen nonton yang satu ini! #fyp #viral #trending,BkpFyjz11,BKPFYJ
wkuowi-fakta-unik-tentang-kehidupan-anak-sekolah-1785305650,[WKUOWI] Fakta Unik tentang Kehidupan Anak Sekolah,https://cdn.aceimg.com/dd1HGA7ws.jpg,Konten terbaik cuma buat followers kami! #fyp #viral #trending,wkuOwiiH1,WKUOWI
n3q8bs-anak-sekolah-ini-membuat-semua-orang-bangga-1785305833,[N3Q8BS] Anak Sekolah Ini Membuat Semua Orang Bangga,https://cdn.aceimg.com/6GhGMf8oO.jpg,Ini dia rahasia konten viral kami! #fyp #viral #trending,n3q8Bsbx1,N3Q8BS
s9kv0r-momen-persahabatan-yang-tidak-akan-terlupakan-1785305859,[S9KV0R] Momen Persahabatan yang Tidak Akan Terlupakan,https://cdn.aceimg.com/yLZdyaM3J.jpg,Cek video terbaru kami pastinya bikin nagih! #fyp #viral #trending,s9kV0rS71,S9KV0R
t788lp-reaksi-murid-saat-guru-memberikan-kejutan-1785306037,[T788LP] Reaksi Murid Saat Guru Memberikan Kejutan,https://cdn.aceimg.com/ybPZtoA3s.jpg,Makin hari makin seru! Jangan lewatkan. #fyp #viral #trending,t788lPGq1,T788LP
x84bow-anak-sekolah-yang-pantang-menyerah-demi-masa-depan-1785306129,[X84BOW] Anak Sekolah yang Pantang Menyerah Demi Masa Depan,https://cdn.aceimg.com/Tv9uL1nzy.jpg,Cek segera! Keseruannya ada di sini. #fyp #viral #trending,x84BOwdt1,X84BOW
hs0cwo-hari-pertama-masuk-sekolah-begini-suasananya-1785306221,[HS0CWOKE1] Hari Pertama Masuk Sekolah,https://cdn.aceimg.com/ffODEmQQl.jpg,Spesial untuk followers setia! Update harian. #fyp #viral #trending,HS0CWOKE1,CWOKE1
bww8nc-momen-mengharukan-saat-perpisahan-sekolah-1785306449,[BWW8NC] Momen Mengharukan Saat Perpisahan Sekolah,https://cdn.aceimg.com/A7XDtAD38.jpg,Siap-siap dibuat kagum sama video ini! #fyp #viral #trending,bww8ncNL1,BWW8NC
ouy4lf-anak-sekolah-dengan-bakat-yang-luar-biasa-1785306520,[OUY4LF] Anak Sekolah dengan Bakat yang Luar Biasa,https://cdn.aceimg.com/tJfwir50A.jpg,Konten paling dicari saat ini! Tonton sampai habis. #fyp #viral #trending,OUY4lF661,OUY4LF
c3nhx6-cerita-inspiratif-dari-bangku-sekolah-1785308831,[C3NHX6] Cerita Inspiratif dari Bangku Sekolah,https://cdn.aceimg.com/mbU9Ub1fw.jpg,Yuk cek konten terbaru yang lagi meledak! #fyp #viral #trending,c3NHx6qG1,C3NHX6
gglxsx-momen-kocak-saat-belajar-di-kelas-1785308893,[GGLXSX] Momen Kocak Saat Belajar di Kelas,https://cdn.aceimg.com/BW1cHtnzP.jpg,Apa yang terjadi di video ini bakal bikin kamu kaget! #fyp #viral #trending,GGLXsXAx1,GGLXSX
jlel4i-kehidupan-pelajar-yang-penuh-tantangan-1785308979,[JLEL4I] Kehidupan Pelajar yang Penuh Tantangan,https://cdn.aceimg.com/sNY9HjCzo.jpg,Bikin momen santaimu lebih asyik! #fyp #viral #trending,JLel4is21,JLEL4I
krrvxx-anak-sekolah-ini-berhasil-meraih-mimpi-besarnya-1785309062,[KRRVXX] Anak Sekolah Ini Berhasil Meraih Mimpi Besarnya,https://cdn.aceimg.com/HLGhLNEUW.jpg,Sesuatu yang beda buat kamu hari ini! #fyp #viral #trending,KRrVxXeY1,KRRVXX
z6dtat-rutinitas-belajar-anak-sekolah-berprestasi-1785309109,[Z6DTAT] Rutinitas Belajar Anak Sekolah Berprestasi,https://cdn.aceimg.com/EP9hulgHf.jpg,Update harian spesial untuk kamu! Jangan sampai ketinggalan. #fyp #viral #trending,z6dTaTjD1,Z6DTAT
szvpxd-hal-yang-selalu-terjadi-saat-jam-istirahat-1785309170,[SZVPXD] Hal yang Selalu Terjadi Saat Jam Istirahat,https://cdn.aceimg.com/OoFGgwC5o.jpg,Spesial untuk followers setia! Update harian. #fyp #viral #trending,szVpXdrb1,SZVPXD
xen96b-anak-sekolah-yang-selalu-membantu-temannya-1785309247,[XEN96B] Anak Sekolah yang Selalu Membantu Temannya,https://cdn.aceimg.com/DctmdyDZp.jpg,Jangan lewatkan keseruan ini! Update setiap hari. #fyp #viral #trending,xEn96BrK1,XEN96B
imunha-perjuangan-pelajar-demi-meraih-nilai-terbaik-1785309361,[IMUNHA] Perjuangan Pelajar Demi Meraih Nilai Terbaik,https://cdn.aceimg.com/0S2HLU2t7.jpg,Gak perlu cari lagi ini dia yang kamu tunggu! #fyp #viral #trending,imuNHAIK1,IMUNHA
odqv88-momen-lucu-saat-upacara-sekolah-1785309406,[ODQV88] Momen Lucu Saat Upacara Sekolah,https://cdn.aceimg.com/lqRj0W2n9.jpg,Jangan sampai ketinggalan tren terbaru! #fyp #viral #trending,odqV88vP1,ODQV88
g4mjj4-cerita-persahabatan-yang-mengharukan-1785309510,[G4MJJ4] Cerita Persahabatan yang Mengharukan,https://cdn.aceimg.com/rOVSrf1Fd.jpg,Panas! Video trending hari ini tonton sekarang. #fyp #viral #trending,G4Mjj4Ua1,G4MJJ4
tz0xxs-anak-sekolah-dan-perjalanan-menuju-kesuksesan-1785309586,[TZ0XXS] Anak Sekolah dan Perjalanan Menuju Kesuksesan,https://cdn.aceimg.com/WFIFLyrl4.jpg,Tonton sekarang dan berikan reaksimu! #fyp #viral #trending,Tz0xXScP1,TZ0XXS
g6msfv-momen-tak-terlupakan-di-kelas-1785309666,[G6MSFV] Momen Tak Terlupakan di Kelas,https://cdn.aceimg.com/QwYHX6EJL.jpg,Video singkat penuh keseruan! #fyp #viral #trending,g6MsfVVW1,G6MSFV
nrsgza-guru-kaget-melihat-hasil-belajar-muridnya-1785309700,[NRSGZA] Guru Kaget Melihat Hasil Belajar Muridnya,https://cdn.aceimg.com/vqbCtnMSc.jpg,Konten berkelas cuma buat kamu. #fyp #viral #trending,nRSGzav71,NRSGZA
b21fsf-anak-sekolah-yang-menjadi-inspirasi-banyak-orang-1785311030,[B21FSF] Anak Sekolah yang Menjadi Inspirasi Banyak Orang,https://cdn.aceimg.com/qn7JY7Dq4.jpg,Tidak ada yang lebih seru dari ini! #fyp #viral #trending,b21FSFUJ1,B21FSF
k9k1ea-reaksi-murid-saat-nilai-ujian-dibagikan-1785311091,[K9K1EA] Reaksi Murid Saat Nilai Ujian Dibagikan,https://cdn.aceimg.com/q3kz4NV1f.jpg,Bikin semangat lagi dengan tontonan ini! #fyp #viral #trending,k9K1EA1d1,K9K1EA
s6ubbr-kebiasaan-positif-anak-sekolah-berprestasi-1785311406,[S6UBBR] Kebiasaan Positif Anak Sekolah Berprestasi,https://cdn.aceimg.com/PzID7cXYZ.jpg,Video terbaru yang wajib kamu tonton sekarang juga! #fyp #viral #trending,s6UbbrXC1,S6UBBR
9l3laj-momen-kocak-saat-kerja-kelompok-1785312775,[9L3LAJ] Momen Kocak Saat Kerja Kelompok,https://cdn.aceimg.com/kRsMcZJwo.jpg,Siap-siap dibuat kagum sama video ini! #fyp #viral #trending,9L3lajUc1,9L3LAJ
tqmox4-kisah-anak-sekolah-yang-tidak-pernah-menyerah-1785312869,[TQMOX4] Kisah Anak Sekolah yang Tidak Pernah Menyerah,https://cdn.aceimg.com/su0TFudC5.jpg,Temukan keseruan baru setiap saat. #fyp #viral #trending,tQmOx4CE1,TQMOX4
xju2su-hal-lucu-yang-hanya-terjadi-di-sekolah-1785312938,[XJU2SU] Hal Lucu yang Hanya Terjadi di Sekolah,https://cdn.aceimg.com/To2QcISAr.jpg,Video pilihan untuk hari ini wajib disimak! #fyp #viral #trending,XjU2su0t1,XJU2SU
ypwfas-anak-sekolah-yang-berhasil-membanggakan-orang-tuanya-1785313013,[YPWFAS] Anak Sekolah yang Berhasil Membanggakan Orang Tuanya,https://cdn.aceimg.com/6wZ3JxG8r.jpg,Video pilihan untuk hari ini wajib disimak! #fyp #viral #trending,ypWfaSyj1,YPWFAS
5xlmmr-cerita-nyata-kehidupan-seorang-pelajar-1785373571,[5XLMMR] Cerita Nyata Kehidupan Seorang Pelajar,https://cdn.aceimg.com/258djMl9L.jpg,Siap-siap terhibur dengan video terbaru kami! #fyp #viral #trending,5XlmMRVc1,5XLMMR
a0tt2j-momen-tak-terduga-saat-jam-pelajaran-1785373635,[A0TT2J] Momen Tak Terduga Saat Jam Pelajaran,https://cdn.aceimg.com/ZBYudimeD.jpg,Panas! Video trending hari ini tonton sekarang. #fyp #viral #trending,a0tt2jSA1,A0TT2J
hannfo-anak-sekolah-yang-sukses-berkat-kerja-keras-1785373784,[HANNFO] Anak Sekolah yang Sukses Berkat Kerja Keras,https://cdn.aceimg.com/74KiC8pN7.jpg,Panas! Video trending hari ini tonton sekarang. #fyp #viral #trending,HaNnFop51,HANNFO
yyapfi-guru-bangga-dengan-prestasi-muridnya-1785373827,[YYAPFI] Guru Bangga dengan Prestasi Muridnya,https://cdn.aceimg.com/2LH4BmE0l.jpg,Jangan lewatkan keseruan ini! Update setiap hari. #fyp #viral #trending,yyapFieh1,YYAPFI
zqmj7u-perbedaan-anak-sekolah-dulu-dan-sekarang-1785373886,[ZQMJ7U] Perbedaan Anak Sekolah Dulu dan Sekarang,https://cdn.aceimg.com/5eknefRx9.jpg,Panas! Video trending hari ini tonton sekarang. #fyp #viral #trending,zqmj7uz11,ZQMJ7U
gur1eo-anak-sekolah-yang-selalu-punya-ide-kreatif-1785374137,[GUR1EO] Anak Sekolah yang Selalu Punya Ide Kreatif,https://cdn.aceimg.com/aXYrHDVFI.jpg,Saksikan keseruannya di sini update terus setiap harinya! #fyp #viral #trending,GUR1EoKm1,GUR1EO
qstt3f-momen-paling-seru-saat-class-meeting-1785374231,[QSTT3F] Momen Paling Seru Saat Class Meeting,https://cdn.aceimg.com/oazx6V8xt.jpg,Konten paling dicari saat ini! Tonton sampai habis. #fyp #viral #trending,qSTt3f451,QSTT3F
8cyzfj-kisah-haru-anak-sekolah-yang-menginspirasi-1785374346,[8CYZFJ] Kisah Haru Anak Sekolah yang Menginspirasi,https://cdn.aceimg.com/ivzs59ftz.jpg,Siap-siap terhibur dengan video terbaru kami! #fyp #viral #trending,8CyzFjlb1,8CYZFJ
oszkot-anak-sekolah-yang-berhasil-menjadi-juara-1785374572,[OSZKOT] Anak Sekolah yang Berhasil Menjadi Juara,https://cdn.aceimg.com/iQL9ZgCuN.jpg,Konten paling dicari saat ini! Tonton sampai habis. #fyp #viral #trending,osZkOtPV1,OSZKOT
x65lau-momen-lucu-saat-praktik-di-laboratorium-1785374636,[X65LAU] Momen Lucu Saat Praktik di Laboratorium,https://cdn.aceimg.com/AIuoLAg7G.jpg,Update harian spesial untuk kamu! Jangan sampai ketinggalan. #fyp #viral #trending,X65lAUrB1,X65LAU
uivww0-hal-yang-membuat-masa-sekolah-selalu-dirindukan-1785374729,[UIVWW0] Hal yang Membuat Masa Sekolah Selalu Dirindukan,https://cdn.aceimg.com/qtl0Fhxp8.jpg,Konten paling dicari saat ini! Tonton sampai habis. #fyp #viral #trending,uIvwW0ms1,UIVWW0
w51mvh-cerita-guru-yang-mengubah-hidup-muridnya-1785374887,[W51MVH] Cerita Guru yang Mengubah Hidup Muridnya,https://cdn.aceimg.com/iF6Zy7Pwi.jpg,Saksikan keseruannya di sini update terus setiap harinya! #fyp #viral #trending,w51mvHC61,W51MVH
y5qs7u-anak-sekolah-yang-berani-mengejar-cita-cita-1785374817,[Y5QS7U] Anak Sekolah yang Berani Mengejar Cita-Cita,https://cdn.aceimg.com/5mMkMYTTJ.jpg,Koleksi eksklusif cek videonya sekarang! #fyp #viral #trending,Y5Qs7UOg1,Y5QS7U
kquo1g-momen-tak-terlupakan-saat-pentas-seni-1785374963,[KQUO1G] Momen Tak Terlupakan Saat Pentas Seni,https://cdn.aceimg.com/gdTiauqXe.jpg,Gak perlu cari lagi ini dia yang kamu tunggu! #fyp #viral #trending,KQUO1GTS1,KQUO1G
nswjtm-murid-yang-membuat-guru-bangga-1786260630,[NSWJTM] Murid yang Membuat Guru Bangga,https://cdn.aceimg.com/LrAuCaXPd.jpg,Video terbaru yang wajib kamu tonton sekarang juga! #fyp #viral #trending,NSWJtmre1,NSWJTM
tx74b7-bekal-makan-siang-yang-viral-1786260958,[TX74B7] Bekal Makan Siang yang Viral,https://cdn.aceimg.com/x7gIguaJn.jpg,Jangan lewatkan keseruan ini! Update setiap hari. #fyp #viral #trending,TX74B7BO1,TX74B7
3vdvcj-anak-baru-yang-langsung-populer-1786261100,[3VDVCJ] Anak Baru yang Langsung Populer,https://cdn.aceimg.com/ptb0qJeEb.jpg,Koleksi eksklusif | cek videonya sekarang! #fyp #viral #trending,3VDvcJOz1,3VDVCJ
jme66j-ketika-rapor-tertukar-1786261239,[JME66J] Ketika Rapor Tertukar,https://cdn.aceimg.com/bBL2GWAMP.jpg,Koleksi eksklusif | cek videonya sekarang! #fyp #viral #trending,JME66JQB1,JME66J
fsdj8b-persaingan-dua-juara-kelas-1786261342,[FSDJ8B] Persaingan Dua Juara Kelas,https://cdn.aceimg.com/8d7gNDK21.jpg,Video terbaru yang wajib kamu tonton sekarang juga! #fyp #viral #trending,FSDJ8bff1,FSDJ8B
gmwytc-murid-yang-mengubah-hidup-gurunya-1786261454,[GMWYTC] Murid yang Mengubah Hidup Gurunya,https://cdn.aceimg.com/aNtNb0WyF.jpg,Cuma di sini tempatnya konten seru! Update terus. #fyp #viral #trending,GmwyTCb81,GMWYTC
lvx8at-rahasia-di-balik-loker-sekolah-1786261814,[LVX8AT] Rahasia di Balik Loker Sekolah,https://cdn.aceimg.com/EGp9U53h0.jpg,Update harian spesial untuk kamu! Jangan sampai ketinggalan. #fyp #viral #trending,Lvx8aTFM1,LVX8AT
7ypg3x-anak-sekolah-yang-menjadi-inspirasi-1786262018,[7YPG3X] Anak Sekolah yang Menjadi Inspirasi,https://cdn.aceimg.com/Aa4hPlCfu.jpg,Jangan lewatkan keseruan ini! Update setiap hari. #fyp #viral #trending,7YPG3x1C1,7YPG3X
q4kxon-guru-yang-tak-pernah-menyerah-1786262203,[Q4KXON] Guru yang Tak Pernah Menyerah,https://cdn.aceimg.com/Z6kR3Ec0r.jpg,Jangan lewatkan keseruan ini! Update setiap hari. #fyp #viral #trending,Q4KXOnqm1,Q4KXON
oomtnh-murid-yang-berhasil-meraih-beasiswa-1786262326,[OOMTNH] Murid yang Berhasil Meraih Beasiswa,https://cdn.aceimg.com/wmS1OPrHW.jpg,Video terbaru yang wajib kamu tonton sekarang juga! #fyp #viral #trending,OomTnh841,OOMTNH
sxglbn-hari-di-mana-semua-murid-kompak-1786262563,[SXGLBN] Hari di Mana Semua Murid Kompak,https://cdn.aceimg.com/PfUX0vUif.jpg,Siap-siap terhibur dengan video terbaru kami! #fyp #viral #trending,sXGlBN2c1,SXGLBN
avvjg2-anak-sekolah-yang-berani-jujur-1786262741,[AVVJG2] Anak Sekolah yang Berani Jujur,https://cdn.aceimg.com/svq6QsLBB.jpg,Update harian spesial untuk kamu! Jangan sampai ketinggalan. #fyp #viral #trending,aVVjG2pG1,AVVJG2
qvmzxf-murid-baru-yang-menjadi-ketua-kelas-1786262918,[QVMZXF] Murid Baru yang Menjadi Ketua Kelas,https://cdn.aceimg.com/zvQxQWNbd.jpg,Konten paling dicari saat ini! Tonton sampai habis. #fyp #viral #trending,qvmzXf4R1,QVMZXF
ij2mol-teman-lama-datang-kembali-1786263170,[IJ2MOL] Teman Lama Datang Kembali,https://cdn.aceimg.com/B01o7Xdtq.jpg,Siap-siap terhibur dengan video terbaru kami! #fyp #viral #trending,ij2mOLj21,IJ2MOL
0ksevy-guru-yang-mengajarkan-arti-kehidupan-1786263619,[0KSEVY] Guru yang Mengajarkan Arti Kehidupan,https://cdn.aceimg.com/3dTSvPNaB.jpg,Jangan lewatkan keseruan ini! Update setiap hari. #fyp #viral #trending,0KsevYjH1,0KSEVY
ch6hkw-anak-sekolah-yang-menolong-orang-asing-1786263855,[CH6HKW] Anak Sekolah yang Menolong Orang Asing,https://cdn.aceimg.com/DOjKazFmL.jpg,Jangan lewatkan keseruan ini! Update setiap hari. #fyp #viral #trending,ch6hKwSW1,CH6HKW
qlvur6-ketika-hujan-mengubah-segalanya-1786263975,[QLVUR6] Ketika Hujan Mengubah Segalanya,https://cdn.aceimg.com/PrV6JoXFE.jpg,Video terbaru yang wajib kamu tonton sekarang juga! #fyp #viral #trending,QlVUr6qu1,QLVUR6
ctwlc2-murid-paling-malas-jadi-juara-1786264122,[CTWLC2] Murid Paling Malas Jadi Juara,https://cdn.aceimg.com/42boof2Mg.jpg,Jangan lewatkan keseruan ini! Update setiap hari. #fyp #viral #trending,CTwLC2Kw1,CTWLC2
ix0rn5-anak-pendiam-yang-jadi-bintang-pentas-1786264273,[IX0RN5] Anak Pendiam yang Jadi Bintang Pentas,https://cdn.aceimg.com/ye9qj38GI.jpg,Saksikan keseruannya di sini | update terus setiap harinya! #fyp #viral #trending,IX0Rn5Mn1,IX0RN5
bkvbsg-guru-killer-yang-akhirnya-tersenyum-1786264403,[BKVBSG] Guru Killer yang Akhirnya Tersenyum,https://cdn.aceimg.com/HhERSV4jk.jpg,Konten paling dicari saat ini! Tonton sampai habis. #fyp #viral #trending,bkVbSgKb1,BKVBSG
dja7cj-murid-baru-membawa-keberuntungan-1786264526,[DJA7CJ] Murid Baru Membawa Keberuntungan,https://cdn.aceimg.com/88kZZ2ZF2.jpg,Saksikan keseruannya di sini | update terus setiap harinya! #fyp #viral #trending,dJA7CJCi1,DJA7CJ
tjmljd-persahabatan-berawal-dari-kesalahpahaman-1786264860,[TJMLJD] Persahabatan Berawal dari Kesalahpahaman,https://cdn.aceimg.com/OQi7aMWbP.jpg,Update harian spesial untuk kamu! Jangan sampai ketinggalan. #fyp #viral #trending,tJmLJDL51,TJMLJD
0wjhsc-anak-sekolah-yang-selalu-membawa-senyum-1786264963,[0WJHSC] Anak Sekolah yang Selalu Membawa Senyum,https://cdn.aceimg.com/wfM5lKeiH.jpg,Video terbaru yang wajib kamu tonton sekarang juga! #fyp #viral #trending,0wjHSCNB1,0WJHSC
nh6dos-ketika-semua-orang-salah-menilainya-1786265104,[NH6DOS] Ketika Semua Orang Salah Menilainya,https://cdn.aceimg.com/tVdnVVdJD.jpg,Siap-siap terhibur dengan video terbaru kami! #fyp #viral #trending,NH6doSIL1,NH6DOS
cexdae-murid-yang-menemukan-surat-misterius-1786265196,[CEXDAE] Murid yang Menemukan Surat Misterius,https://cdn.aceimg.com/8H1ulkhLM.jpg,Jangan lewatkan keseruan ini! Update setiap hari. #fyp #viral #trending,cEXDaEQY1,CEXDAE
pghx99-guru-yang-menangis-di-depan-kelas-1786265476,[PGHX99] Guru yang Menangis di Depan Kelas,https://cdn.aceimg.com/vsih7ssdp.jpg,Video terbaru yang wajib kamu tonton sekarang juga! #fyp #viral #trending,pghX994J1,PGHX99
1nurlf-murid-yang-berhasil-membuktikan-diri-1786265598,[1NURLF] Murid yang Berhasil Membuktikan Diri,https://cdn.aceimg.com/jmTyCGRg6.jpg,Gak perlu cari lagi | ini dia yang kamu tunggu! #fyp #viral #trending,1NURlFbl1,1NURLF
vrwwyf-anak-sekolah-yang-menjadi-pahlawan-1786265739,[VRWWYF] Anak Sekolah yang Menjadi Pahlawan,https://cdn.aceimg.com/u7I2rkVVJ.jpg,Koleksi eksklusif | cek videonya sekarang! #fyp #viral #trending,vRWwYFNK1,VRWWYF
1rcyjc-ketika-ujian-mendadak-dimulai-1786265924,[1RCYJC] Ketika Ujian Mendadak Dimulai,https://cdn.aceimg.com/S9HMRUQMk.jpg,Jangan lewatkan keseruan ini! Update setiap hari. #fyp #viral #trending,1RCYJCIJ1,1RCYJC
cpp9di-sahabat-yang-rela-berkorban-1786266103,[CPP9DI] Sahabat yang Rela Berkorban,https://cdn.aceimg.com/Xa32KHhmb.jpg,Update harian spesial untuk kamu! Jangan sampai ketinggalan. #fyp #viral #trending,cPp9DISl1,CPP9DI
x2pfvv-guru-yang-selalu-memberi-semangat-1786288778,[X2PFVV] Guru yang Selalu Memberi Semangat,https://cdn.aceimg.com/Ltfjonk7C.jpg,Update harian spesial untuk kamu! Jangan sampai ketinggalan. #fyp #viral #trending,x2pFvVB61,X2PFVV
w0hgma-anak-sekolah-yang-menjadi-viral-1786288984,[W0HGMA] Anak Sekolah yang Menjadi Viral,https://cdn.aceimg.com/jUAd8kSmv.jpg,Jangan lewatkan keseruan ini! Update setiap hari. #fyp #viral #trending,w0hGmaen1,W0HGMA
uj7jih-murid-yang-menolong-guru-1786289266,[UJ7JIH] Murid yang Menolong Guru,https://cdn.aceimg.com/vosj6eOi9.jpg,Siap-siap terhibur dengan video terbaru kami! #fyp #viral #trending,UJ7Jih9q1,UJ7JIH
sw60qd-anak-sekolah-yang-menemukan-bakatnya-1786289693,[SW60QD] Anak Sekolah yang Menemukan Bakatnya,https://cdn.aceimg.com/qD86DVWgB.jpg,Video terbaru yang wajib kamu tonton sekarang juga! #fyp #viral #trending,Sw60qDZE1,SW60QD
fsewp1-ketika-kantin-menjadi-tempat-persahabatan-1786289878,[FSEWP1] Ketika Kantin Menjadi Tempat Persahabatan,https://cdn.aceimg.com/5ieRRVvFK.jpg,Konten paling dicari saat ini! Tonton sampai habis. #fyp #viral #trending,fseWP14D1,FSEWP1
yhg2jj-murid-yang-tak-pernah-membolos-1786289999,[YHG2JJ] Murid yang Tak Pernah Membolos,https://cdn.aceimg.com/rFbktB7MR.jpg,Konten paling dicari saat ini! Tonton sampai habis. #fyp #viral #trending,yHg2jjjj1,YHG2JJ
jqeygc-ketika-study-tour-berubah-jadi-petualangan-1786291130,[JQEYGC] Ketika Study Tour Berubah Jadi Petualangan,https://cdn.aceimg.com/dnqAgZK4d.jpg,Saksikan keseruannya di sini | update terus setiap harinya! #fyp #viral #trending,JQeYgCOU1,JQEYGC
mpjxcs-anak-sekolah-yang-menepati-janji-1786291315,[MPJXCS] Anak Sekolah yang Menepati Janji,https://cdn.aceimg.com/RN9nAYt3e.jpg,Koleksi eksklusif | cek videonya sekarang! #fyp #viral #trending,mpJXcsTK1,MPJXCS
mzs5xq-murid-baru-yang-membuat-heboh-1786291484,[MZS5XQ] Murid Baru yang Membuat Heboh,https://cdn.aceimg.com/dyd9bZ3Eb.jpg,Saksikan keseruannya di sini | update terus setiap harinya! #fyp #viral #trending,mZS5XqhO1,MZS5XQ
3wmm9i-guru-yang-mengubah-anak-nakal-1786291899,[3WMM9I] Guru yang Mengubah Anak Nakal,https://cdn.aceimg.com/xtclwEOvg.jpg,Koleksi eksklusif | cek videonya sekarang! #fyp #viral #trending,3WmM9i2g1,3WMM9I
yghejs-anak-sekolah-yang-menyelamatkan-lomba-1786292033,[YGHEJS] Anak Sekolah yang Menyelamatkan Lomba,https://cdn.aceimg.com/E7hJP1Iic.jpg,Koleksi eksklusif | cek videonya sekarang! #fyp #viral #trending,YGHEJScS1,YGHEJS
dpk5en-murid-yang-menjadi-juara-nasional-1786292111,[DPK5EN] Murid yang Menjadi Juara Nasional,https://cdn.aceimg.com/S96BeaXsT.jpg,Koleksi eksklusif | cek videonya sekarang! #fyp #viral #trending,DPK5enIk1,DPK5EN
tylqid-ketika-seluruh-kelas-memberi-kejutan-1786292199,[TYLQID] Ketika Seluruh Kelas Memberi Kejutan,https://cdn.aceimg.com/ssahKRgB4.jpg,Koleksi eksklusif | cek videonya sekarang! #fyp #viral #trending,TYlQidri1,TYLQID
dgv3of-anak-sekolah-yang-tak-pernah-putus-asa-1786292307,[DGV3OF] Anak Sekolah yang Tak Pernah Putus Asa,https://cdn.aceimg.com/6iWX4b9bk.jpg,Video terbaru yang wajib kamu tonton sekarang juga! #fyp #viral #trending,Dgv3ofE21,DGV3OF
scmd8m-guru-paling-tegas-ternyata-lucu-1786292435,[SCMD8M] Guru Paling Tegas Ternyata Lucu,https://cdn.aceimg.com/YHZ9YvUSS.jpg,Konten paling dicari saat ini! Tonton sampai habis. #fyp #viral #trending,scmd8mvt1,SCMD8M
m5iuan-murid-pendiam-yang-jadi-idola-1786292716,[M5IUAN] Murid Pendiam yang Jadi Idola,https://cdn.aceimg.com/qNWlIuRsg.jpg,Cuma di sini tempatnya konten seru! Update terus. #fyp #viral #trending,m5iuAnIh1,M5IUAN
q3tqpq-anak-sekolah-yang-mengubah-peraturan-1786292861,[Q3TQPQ] Anak Sekolah yang Mengubah Peraturan,https://cdn.aceimg.com/HwWXEtzLE.jpg,Update harian spesial untuk kamu! Jangan sampai ketinggalan. #fyp #viral #trending,Q3tQPq011,Q3TQPQ
vd1rjm-ketika-semua-guru-tersenyum-1786292974,[VD1RJM] Ketika Semua Guru Tersenyum,https://cdn.aceimg.com/WmPJGdBGG.jpg,Gak perlu cari lagi | ini dia yang kamu tunggu! #fyp #viral #trending,VD1RJM6k1,VD1RJM
uhkkud-murid-yang-membantu-penjaga-sekolah-1786293057,[UHKKUD] Murid yang Membantu Penjaga Sekolah,https://cdn.aceimg.com/hy5fSUCa2.jpg,Panas! Video trending hari ini | tonton sekarang. #fyp #viral #trending,uhkKuDT41,UHKKUD
2gmrjs-anak-baru-dengan-masa-lalu-misterius-1786293147,[2GMRJS] Anak Baru dengan Masa Lalu Misterius,https://cdn.aceimg.com/QKEQY0ebg.jpg,Konten paling dicari saat ini! Tonton sampai habis. #fyp #viral #trending,2GMrjSnc1,2GMRJS
qujbqe-guru-yang-percaya-pada-semua-murid-1786293406,[QUJBQE] Guru yang Percaya pada Semua Murid,https://cdn.aceimg.com/Emm29EMWO.jpg,Jangan lewatkan keseruan ini! Update setiap hari. #fyp #viral #trending,quJBqE3i1,QUJBQE
lqdvnh-ngewe-murid-kesayangan-yang-lagi-tidur-1786366313,[LQDVNH] Ngewe murid kesayangan yang lagi tidur,https://cdn.aceimg.com/7Cznqr7ej.jpg,Konten paling dicari saat ini! Tonton sampai habis. #fyp #viral #trending,lQDvnHdr1,LQDVNH
yapgxc-pas-pecah-perawa-katanya-sakit-tapi-malah-nagih-1786366929,[YAPGXC] Pas pecah perawa katanya sakit | Tapi malah nagih,https://cdn.aceimg.com/abdqoGHGX.jpg,Panas! Video trending hari ini | tonton sekarang. #fyp #viral #trending,yaPgXC7I1,YAPGXC
ez7mku-mungpung-lagi-enggak-ada-siapa-saiapa-di-rumah-mending-di-ewek-aja-1786367523,[EZ7MKU] Mungpung lagi enggak ada siapa saiapa di rumah | Mending di ewek aja,https://cdn.aceimg.com/cJrYMGIYX.jpg,Siap-siap terhibur dengan video terbaru kami! #fyp #viral #trending,Ez7mKuDd1,EZ7MKU
1skwi9-ngewek-adek-yang-malu-malu-kucing-tapi-mau-1786367935,[1SKWI9] Ngewek adek yang malu malu kucing tapi mau,https://cdn.aceimg.com/huUM3jmTu.jpg,Update harian spesial untuk kamu! Jangan sampai ketinggalan. #fyp #viral #trending,1SKwI9Jr1,1SKWI9
6saj1c-bertiga-sama-temen-dan-adik-nya-full-1786368543,[6SAJ1C] BERTIGA SAMA TEMEN DAN ADIK NYA Full,https://cdn.aceimg.com/9UsN74zTj.jpg,Update harian spesial untuk kamu! Jangan sampai ketinggalan. #fyp #viral #trending,6SAJ1Cjh1,6SAJ1C
dfvikf-pak-guru-ngewek-murid-perawan-1786368986,[DFVIKF] Pak guru ngewek murid perawan,https://cdn.aceimg.com/cYxHQcm4t.jpg,Video terbaru yang wajib kamu tonton sekarang juga! #fyp #viral #trending,dfVIKFw91,DFVIKF
qkahay-adek-kakak-sedang-ngewek-di-hotel-1786449659,[QKAHAY] Adek kakak sedang ngewek di hotel,https://cdn.aceimg.com/WILNryVF1.jpg,Konten paling dicari saat ini! Tonton sampai habis. #fyp #viral #trending,qkAHayF01,QKAHAY
eexxtq-bu-guru-sedang-ngewak-di-hotel-sama-pak-guru-1786450271,[EEXXTQ] Bu guru sedang ngewek di hotel sama pak guru,https://cdn.aceimg.com/DPmG2uznc.jpg,Koleksi eksklusif | cek videonya sekarang! #fyp #viral #trending,EEXXtqfi1,EEXXTQ
8ytuxi-adek-kelas-ngewek-kakak-kelas-hyper-1786450496,[8YTUXI] Adek kelas ngewek kakak kelas hyper,https://cdn.aceimg.com/A3vf6SBUx.jpg,Video terbaru yang wajib kamu tonton sekarang juga! #fyp #viral #trending,8yTuxiTy1,8YTUXI
jou5oj-pak-guru-ngewe-ukhti-tobrut-1786450860,[JOU5OJ] Pak guru ngewe ukhti tobrut,https://cdn.aceimg.com/FruIQDhwl.jpg,Konten paling dicari saat ini! Tonton sampai habis. #fyp #viral #trending,JoU5ojWU1,JOU5OJ
rgmbtr-bu-guru-lagi-nich-1786451112,[RGMBTR] Bu guru lagi nich,https://cdn.aceimg.com/KVfvbZxQy.jpg,Siap-siap terhibur dengan video terbaru kami! #fyp #viral #trending,RGMbTruN1,RGMBTR
arzacx-ikut-trend-spaiderman-black-yang-lagi-viral-1786451336,[ARZACX] Ikut trend spaiderman black yang lagi viral,https://cdn.aceimg.com/pMXKy4Jfd.jpg,Koleksi eksklusif | cek videonya sekarang! #fyp #viral #trending,arZACxGb1,ARZACX
gk95xj-asli-bening-sampai-bawah-1786451450,[GK95XJ] Asli bening sampai bawah,https://cdn.aceimg.com/sZknfXtCG.jpg,Konten paling dicari saat ini! Tonton sampai habis. #fyp #viral #trending,GK95Xjkr1,GK95XJ
7dx6pr-ngewek-abg-esmpeh-pulen-1786451736,[7DX6PR] Ngewek Abg esmpeh pulen,https://cdn.aceimg.com/5MJvYGtgH.jpg,Panas! Video trending hari ini | tonton sekarang. #fyp #viral #trending,7dx6PRzc1,7DX6PR
tmwhal-hari-pertama-masuk-kelas-tapi-ada-satu-kursi-yang-berbeda-1786608444,[TMWHAL] Hari Pertama Masuk Kelas | Tapi Ada Satu Kursi yang Berbeda,https://cdn.aceimg.com/9CJCzsoMr.jpg,Saksikan keseruannya di sini | update terus setiap harinya! #fyp #viral #trending,TMWhaLfz1,TMWHAL
tcrnao-murid-ini-punya-kebiasaan-aneh-sebelum-bel-sekolah-berbunyi-1786608610,[TCRNAO] Murid Ini Punya Kebiasaan Aneh Sebelum Bel Sekolah Berbunyi,https://cdn.aceimg.com/FVf4dXzcV.jpg,Konten paling dicari saat ini! Tonton sampai habis. #fyp #viral #trending,tCrNAoMU1,TCRNAO
go6x3c-ketika-anak-baru-tiba-dan-semua-teman-langsung-penasaran-1786608891,[GO6X3C] Ketika Anak Baru Tiba dan Semua Teman Langsung Penasaran,https://cdn.aceimg.com/jjiEAHBQ2.jpg,Update harian spesial untuk kamu! Jangan sampai ketinggalan. #fyp #viral #trending,gO6x3cgk1,GO6X3C
ifppw6-satu-menit-sebelum-ujian-sesuatu-tak-terduga-terjadi-1786609082,[IFPPW6] Satu Menit Sebelum Ujian | Sesuatu Tak Terduga Terjadi,https://cdn.aceimg.com/rpb5yyH4D.jpg,Video terbaru yang wajib kamu tonton sekarang juga! #fyp #viral #trending,IfPPw6qw1,IFPPW6
ybzcqp-anak-sekolah-ini-selalu-menyimpan-satu-rahasia-di-tasnya-1786609160,[YBZCQP] Anak Sekolah Ini Selalu Menyimpan Satu Rahasia di Tasnya,https://cdn.aceimg.com/fFQdKfAMG.jpg,Gak perlu cari lagi | ini dia yang kamu tunggu! #fyp #viral #trending,YBzCqPpH1,YBZCQP
u9ajv8-suasana-kelas-berubah-setelah-guru-membacakan-pengumuman-1786609450,[U9AJV8] Suasana Kelas Berubah Setelah Guru Membacakan Pengumuman,https://cdn.aceimg.com/wiJN8sUmF.jpg,Siap-siap terhibur dengan video terbaru kami! #fyp #viral #trending,u9aJV8Px1,U9AJV8
gcz9es-murid-ini-datang-ke-sekolah-dengan-cara-yang-tidak-biasa-1786609586,[GCZ9ES] Murid Ini Datang ke Sekolah dengan Cara yang Tidak Biasa,https://cdn.aceimg.com/vS9FpDZts.jpg,Konten paling dicari saat ini! Tonton sampai habis. #fyp #viral #trending,GcZ9Esig1,GCZ9ES
viw1bq-ketika-teman-sebangku-tiba-tiba-tidak-masuk-sekolah-1786609690,[VIW1BQ] Ketika Teman Sebangku Tiba-Tiba Tidak Masuk Sekolah,https://cdn.aceimg.com/J83dAw7Lv.jpg,Video terbaru yang wajib kamu tonton sekarang juga! #fyp #viral #trending,viW1BQRG1,VIW1BQ
u3knhm-satu-hari-menjadi-murid-paling-sibuk-di-sekolah-1786609805,[U3KNHM] Satu Hari Menjadi Murid Paling Sibuk di Sekolah,https://cdn.aceimg.com/3CS2Y47JF.jpg,Panas! Video trending hari ini | tonton sekarang. #fyp #viral #trending,u3KNhMWM1,U3KNHM
xfnyod-anak-sekolah-ini-punya-cara-unik-menghafal-pelajaran-1786609930,[XFNYOD] Anak Sekolah Ini Punya Cara Unik Menghafal Pelajaran,https://cdn.aceimg.com/3X3AKiFps.jpg,Saksikan keseruannya di sini | update terus setiap harinya! #fyp #viral #trending,XfNyodL51,XFNYOD
fwzdf1-ketika-jam-kosong-berubah-menjadi-momen-paling-seru-1786610046,[FWZDF1] Ketika Jam Kosong Berubah Menjadi Momen Paling Seru,https://cdn.aceimg.com/7yWtAWmEy.jpg,Panas! Video trending hari ini | tonton sekarang. #fyp #viral #trending,FWzdF1cE1,FWZDF1
jo4yew-murid-ini-menemukan-benda-aneh-di-bawah-meja-kelas-1786610138,[JO4YEW] Murid Ini Menemukan Benda Aneh di Bawah Meja Kelas,https://cdn.aceimg.com/2yujRsjVu.jpg,Saksikan keseruannya di sini | update terus setiap harinya! #fyp #viral #trending,JO4YEWQI1,JO4YEW
0qdxd6-satu-tantangan-membuat-seluruh-kelas-ikut-beraksi-1786610324,[0QDXD6] Satu Tantangan Membuat Seluruh Kelas Ikut Beraksi,https://cdn.aceimg.com/9CFHJkMRM.jpg,Jangan lewatkan keseruan ini! Update setiap hari. #fyp #viral #trending,0QDXD6i41,0QDXD6
qhhkz4-ketika-guru-memberi-tugas-yang-tidak-pernah-dibayangkan-1786610553,[QHHKZ4] Ketika Guru Memberi Tugas yang Tidak Pernah Dibayangkan,https://cdn.aceimg.com/pqK8zyhQs.jpg,Video terbaru yang wajib kamu tonton sekarang juga! #fyp #viral #trending,QhHkz43J1,QHHKZ4
jnrnr7-anak-sekolah-ini-membawa-ide-gila-ke-dalam-kelas-1786610625,[JNRNR7] Anak Sekolah Ini Membawa Ide Gila ke Dalam Kelas,https://cdn.aceimg.com/lHHJWCDcI.jpg,Gak perlu cari lagi | ini dia yang kamu tunggu! #fyp #viral #trending,jnRNR7W41,JNRNR7
zu549e-hari-senin-yang-ternyata-tidak-seperti-biasanya-1786610712,[ZU549E] Hari Senin yang Ternyata Tidak Seperti Biasanya,https://cdn.aceimg.com/N0njnT3oK.jpg,Siap-siap terhibur dengan video terbaru kami! #fyp #viral #trending,zU549e1k1,ZU549E
dro8u2-murid-pendiam-ini-mendadak-menjadi-pusat-perhatian-1786610861,[DRO8U2] Murid Pendiam Ini Mendadak Menjadi Pusat Perhatian,https://cdn.aceimg.com/jlRSXO5Ke.jpg,Siap-siap terhibur dengan video terbaru kami! #fyp #viral #trending,DRO8u2k11,DRO8U2
ddzjlb-ketika-teman-sekelas-menyiapkan-kejutan-rahasia-1786611058,[DDZJLB] Ketika Teman Sekelas Menyiapkan Kejutan Rahasia,https://cdn.aceimg.com/nSY2kGW33.jpg,Video terbaru yang wajib kamu tonton sekarang juga! #fyp #viral #trending,ddzJLbMB1,DDZJLB
7buwv0-anak-sekolah-ini-selalu-punya-jawaban-yang-tidak-terduga-1786611145,[7BUWV0] Anak Sekolah Ini Selalu Punya Jawaban yang Tidak Terduga,https://cdn.aceimg.com/Es27CH13D.jpg,Jangan lewatkan keseruan ini! Update setiap hari. #fyp #viral #trending,7buWV0nH1,7BUWV0
tizadh-satu-kesalahan-kecil-membuat-semua-teman-panik-1786611219,[TIZADH] Satu Kesalahan Kecil Membuat Semua Teman Panik,https://cdn.aceimg.com/aRGFJQzLO.jpg,Saksikan keseruannya di sini | update terus setiap harinya! #fyp #viral #trending,TIzADHFf1,TIZADH
tmppej-ketika-guru-keluar-kelas-selama-lima-menit-1786611348,[TMPPEJ] Ketika Guru Keluar Kelas Selama Lima Menit,https://cdn.aceimg.com/lnlpcRCf0.jpg,Update harian spesial untuk kamu! Jangan sampai ketinggalan. #fyp #viral #trending,tMpPejhi1,TMPPEJ
2tec5m-murid-ini-menantang-temannya-untuk-menjadi-lebih-rajin-1786617522,[2TEC5M] Murid Ini Menantang Temannya untuk Menjadi Lebih Rajin,https://cdn.aceimg.com/7yBMjUngW.jpg,Konten paling dicari saat ini! Tonton sampai habis. #fyp #viral #trending,2TeC5Mms1,2TEC5M
bvrkli-anak-sekolah-ini-mengubah-suasana-kantin-dalam-sekejap-1786617641,[BVRKLI] Anak Sekolah Ini Mengubah Suasana Kantin dalam Sekejap,https://cdn.aceimg.com/m8pq42eSX.jpg,Panas! Video trending hari ini | tonton sekarang. #fyp #viral #trending,bVrKLIAH1,BVRKLI
f1zha1-ketika-satu-kelas-mendapat-tugas-rahasia-1786617731,[F1ZHA1] Ketika Satu Kelas Mendapat Tugas Rahasia,https://cdn.aceimg.com/5JO54CLL2.jpg,Update harian spesial untuk kamu! Jangan sampai ketinggalan. #fyp #viral #trending,F1Zha1ob1,F1ZHA1
mpoymr-murid-ini-punya-cara-berbeda-menghadapi-hari-ujian-1786617868,[MPOYMR] Murid Ini Punya Cara Berbeda Menghadapi Hari Ujian,https://cdn.aceimg.com/1owGYeYSo.jpg,Siap-siap terhibur dengan video terbaru kami! #fyp #viral #trending,MPOYMrsB1,MPOYMR
ldqlvp-ketika-anak-sekolah-bertukar-peran-dengan-gurunya-1786617982,[LDQLVP] Ketika Anak Sekolah Bertukar Peran dengan Gurunya,https://cdn.aceimg.com/TOqjMnoSz.jpg,Siap-siap terhibur dengan video terbaru kami! #fyp #viral #trending,LDqlvPJE1,LDQLVP
nmfbha-murid-ini-membuat-proyek-sekolah-yang-tidak-biasa-1786618050,[NMFBHA] Murid Ini Membuat Proyek Sekolah yang Tidak Biasa,https://cdn.aceimg.com/3Rj4e5PQo.jpg,Panas! Video trending hari ini | tonton sekarang. #fyp #viral #trending,Nmfbhalp1,NMFBHA
n4kzgc-anak-sekolah-ini-selalu-membawa-kamera-ke-sekolah-1786618141,[N4KZGC] Anak Sekolah Ini Selalu Membawa Kamera ke Sekolah,https://cdn.aceimg.com/ULCvZaDw8.jpg,Video terbaru yang wajib kamu tonton sekarang juga! #fyp #viral #trending,N4KZgCos1,N4KZGC
hhblrh-ketika-teman-lama-tiba-tiba-kembali-ke-kelas-1786618241,[HHBLRH] Ketika Teman Lama Tiba-Tiba Kembali ke Kelas,https://cdn.aceimg.com/yT43eGw80.jpg,Video terbaru yang wajib kamu tonton sekarang juga! #fyp #viral #trending,hhBLRhwa1,HHBLRH
cuvdop-satu-pesan-di-papan-tulis-membuat-semua-murid-bertanya-1786618331,[CUVDOP] Satu Pesan di Papan Tulis Membuat Semua Murid Bertanya,https://cdn.aceimg.com/HHl2ChoWQ.jpg,Update harian spesial untuk kamu! Jangan sampai ketinggalan. #fyp #viral #trending,CUvDoPql1,CUVDOP
esxewx-murid-ini-menjadi-ketua-kelas-untuk-satu-hari-1786618427,[ESXEWX] Murid Ini Menjadi Ketua Kelas untuk Satu Hari,https://cdn.aceimg.com/MOA74mfDy.jpg,Jangan lewatkan keseruan ini! Update setiap hari. #fyp #viral #trending,ESXEWXXt1,ESXEWX
kak5mq-ketika-hujan-deras-menghentikan-aktivitas-sekolah-1786618527,[KAK5MQ] Ketika Hujan Deras Menghentikan Aktivitas Sekolah,https://cdn.aceimg.com/tlYUyUcIc.jpg,Panas! Video trending hari ini | tonton sekarang. #fyp #viral #trending,KaK5mqWL1,KAK5MQ
vw17kp-anak-sekolah-ini-membuat-tantangan-untuk-satu-angkatan-1786618607,[VW17KP] Anak Sekolah Ini Membuat Tantangan untuk Satu Angkatan,https://cdn.aceimg.com/4zQClOVhC.jpg,Gak perlu cari lagi | ini dia yang kamu tunggu! #fyp #viral #trending,vw17kP5F1,VW17KP
urbmsb-murid-ini-punya-strategi-unik-saat-mengerjakan-pr-1786619669,[URBMSB] Murid Ini Punya Strategi Unik Saat Mengerjakan PR,https://cdn.aceimg.com/svk3m48Ku.jpg,Konten paling dicari saat ini! Tonton sampai habis. #fyp #viral #trending,uRBmsBFR1,URBMSB
gft2is-ketika-semua-murid-harus-duduk-di-tempat-berbeda-1786619756,[GFT2IS] Ketika Semua Murid Harus Duduk di Tempat Berbeda,https://cdn.aceimg.com/NvZLBSmO2.jpg,Koleksi eksklusif | cek videonya sekarang! #fyp #viral #trending,gft2isEf1,GFT2IS
dka3kb-anak-sekolah-ini-membuktikan-kreativitas-bisa-dimulai-dari-hal-kecil-1786619868,[DKA3KB] Anak Sekolah Ini Membuktikan Kreativitas Bisa Dimulai dari Hal Kecil,https://cdn.aceimg.com/5qwg7bKOQ.jpg,Panas! Video trending hari ini | tonton sekarang. #fyp #viral #trending,dka3kbXm1,DKA3KB
dft5yf-satu-hari-mengikuti-murid-paling-rajin-di-sekolah-1786620028,[DFT5YF] Satu Hari Mengikuti Murid Paling Rajin di Sekolah,https://cdn.aceimg.com/AJXPeaOzi.jpg,Koleksi eksklusif | cek videonya sekarang! #fyp #viral #trending,dFt5yFi41,DFT5YF
fqljql-ketika-anak-sekolah-mencoba-hobi-baru-bersama-teman-1786620116,[FQLJQL] Ketika Anak Sekolah Mencoba Hobi Baru Bersama Teman,https://cdn.aceimg.com/V9SiXLUFU.jpg,Konten paling dicari saat ini! Tonton sampai habis. #fyp #viral #trending,FqljQlHD1,FQLJQL
qdupyv-murid-ini-membuat-dekorasi-kelas-yang-tidak-biasa-1786620267,[QDUPYV] Murid Ini Membuat Dekorasi Kelas yang Tidak Biasa,https://cdn.aceimg.com/BltWkD568.jpg,Video terbaru yang wajib kamu tonton sekarang juga! #fyp #viral #trending,QDUpYVG81,QDUPYV
pmycn3-anak-sekolah-ini-menjadi-fotografer-dadakan-saat-acara-sekolah-1786620398,[PMYCN3] Anak Sekolah Ini Menjadi Fotografer Dadakan Saat Acara Sekolah,https://cdn.aceimg.com/FU83GYjvc.jpg,Panas! Video trending hari ini | tonton sekarang. #fyp #viral #trending,PMYcN3AV1,PMYCN3
ismesv-ketika-satu-kelas-mengadakan-hari-tanpa-gadget-1786620477,[ISMESV] Ketika Satu Kelas Mengadakan Hari Tanpa Gadget,https://cdn.aceimg.com/u3F4j093M.jpg,Update harian spesial untuk kamu! Jangan sampai ketinggalan. #fyp #viral #trending,ismEsvbe1,ISMESV
joizq1-murid-ini-membuat-permainan-baru-saat-jam-istirahat-1786620574,[JOIZQ1] Murid Ini Membuat Permainan Baru Saat Jam Istirahat,https://cdn.aceimg.com/8dbGkkNpr.jpg,Panas! Video trending hari ini | tonton sekarang. #fyp #viral #trending,jOIzQ1lm1,JOIZQ1
jc8qqh-anak-sekolah-ini-punya-koleksi-barang-yang-bikin-temannya-heran-1786620886,[JC8QQH] Anak Sekolah Ini Punya Koleksi Barang yang Bikin Temannya Heran,https://cdn.aceimg.com/O3DHSzPPn.jpg,Konten paling dicari saat ini! Tonton sampai habis. #fyp #viral #trending,jC8QqhBz1,JC8QQH
buqyuy-ketika-guru-meminta-semua-murid-menulis-impian-mereka-1786621006,[BUQYUY] Ketika Guru Meminta Semua Murid Menulis Impian Mereka,https://cdn.aceimg.com/eatvkrPK3.jpg,Jangan lewatkan keseruan ini! Update setiap hari. #fyp #viral #trending,BUqyuy3n1,BUQYUY
outnup-satu-hari-menjadi-murid-baru-di-sekolah-yang-tidak-dikenal-1786621113,[OUTNUP] Satu Hari Menjadi Murid Baru di Sekolah yang Tidak Dikenal,https://cdn.aceimg.com/UKcNZcHB1.jpg,Update harian spesial untuk kamu! Jangan sampai ketinggalan. #fyp #viral #trending,OUTNuP1N1,OUTNUP
alb8gm-anak-sekolah-ini-mencoba-bangun-paling-pagi-selama-seminggu-1786649038,[ALB8GM] Anak Sekolah Ini Mencoba Bangun Paling Pagi Selama Seminggu,https://cdn.aceimg.com/EejO9mujM.jpg,Konten paling dicari saat ini! Tonton sampai habis. #fyp #viral #trending,Alb8gmNt1,ALB8GM
3iw1lj-ketika-teman-sebangku-menjadi-partner-proyek-terbaik-1786649210,[3IW1LJ] Ketika Teman Sebangku Menjadi Partner Proyek Terbaik,https://cdn.aceimg.com/6uGMcwwyk.jpg,Koleksi eksklusif | cek videonya sekarang! #fyp #viral #trending,3iW1lJzM1,3IW1LJ
wm3b3g-murid-ini-membuat-catatan-pelajaran-dengan-cara-super-kreatif-1786649307,[WM3B3G] Murid Ini Membuat Catatan Pelajaran dengan Cara Super Kreatif,https://cdn.aceimg.com/OI8OwmhlB.jpg,Cuma di sini tempatnya konten seru! Update terus. #fyp #viral #trending,Wm3b3gdt1,WM3B3G
ayiatt-anak-sekolah-ini-mengubah-lorong-sekolah-menjadi-tempat-cerita-1786649433,[AYIATT] Anak Sekolah Ini Mengubah Lorong Sekolah Menjadi Tempat Cerita,https://cdn.aceimg.com/aYvYsVSI8.jpg,Panas! Video trending hari ini | tonton sekarang. #fyp #viral #trending,AYiAtTlg1,AYIATT
tab9gi-ketika-satu-kelas-memutuskan-membuat-kenangan-bersama-1786649523,[TAB9GI] Ketika Satu Kelas Memutuskan Membuat Kenangan Bersama,https://cdn.aceimg.com/4lX4uaGqr.jpg,Gak perlu cari lagi | ini dia yang kamu tunggu! #fyp #viral #trending,tAb9Gicl1,TAB9GI
c2sows-murid-ini-punya-cara-unik-menyiapkan-bekal-sekolah-1786649739,[C2SOWS] Murid Ini Punya Cara Unik Menyiapkan Bekal Sekolah,https://cdn.aceimg.com/lWd5uBVsD.jpg,Konten paling dicari saat ini! Tonton sampai habis. #fyp #viral #trending,c2sOwssJ1,C2SOWS
y0yxq7-anak-sekolah-ini-mengikuti-semua-ekstrakurikuler-dalam-satu-hari-1786649864,[Y0YXQ7] Anak Sekolah Ini Mengikuti Semua Ekstrakurikuler dalam Satu Hari,https://cdn.aceimg.com/lXCLGcNRv.jpg,Jangan lewatkan keseruan ini! Update setiap hari. #fyp #viral #trending,y0yXq7ON1,Y0YXQ7
o2nzlr-ketika-kelas-mengadakan-kompetisi-kreativitas-1786650003,[O2NZLR] Ketika Kelas Mengadakan Kompetisi Kreativitas,https://cdn.aceimg.com/jW7VQYHCY.jpg,Saksikan keseruannya di sini | update terus setiap harinya! #fyp #viral #trending,O2NZlRZf1,O2NZLR
yoje7i-murid-ini-menjadi-penolong-tak-terduga-saat-acara-sekolah-1786650181,[YOJE7I] Murid Ini Menjadi Penolong Tak Terduga Saat Acara Sekolah,https://cdn.aceimg.com/0avXUOPZP.jpg,Video terbaru yang wajib kamu tonton sekarang juga! #fyp #viral #trending,YOJe7IzB1,YOJE7I
eb7wyj-anak-sekolah-ini-mencoba-menyelesaikan-semua-tugas-tepat-waktu-1786650324,[EB7WYJ] Anak Sekolah Ini Mencoba Menyelesaikan Semua Tugas Tepat Waktu,https://cdn.aceimg.com/4DkQbBbtM.jpg,Konten paling dicari saat ini! Tonton sampai habis. #fyp #viral #trending,EB7wYjJ21,EB7WYJ
bnwzpz-ketika-guru-menantang-murid-untuk-berani-tampil-1786651374,[BNWZPZ] Ketika Guru Menantang Murid untuk Berani Tampil,https://cdn.aceimg.com/yUhi1wR7E.jpg,Video terbaru yang wajib kamu tonton sekarang juga! #fyp #viral #trending,BNwzPZon1,BNWZPZ
aja0rw-murid-ini-membuat-video-sekolah-yang-tidak-biasa-1786651564,[AJA0RW] Murid Ini Membuat Video Sekolah yang Tidak Biasa,https://cdn.aceimg.com/nu97P8eIz.jpg,Video terbaru yang wajib kamu tonton sekarang juga! #fyp #viral #trending,aja0RWy71,AJA0RW
njjea9-anak-sekolah-ini-menemukan-bakat-baru-saat-pelajaran-1786651637,[NJJEA9] Anak Sekolah Ini Menemukan Bakat Baru Saat Pelajaran,https://cdn.aceimg.com/REkNLsy4t.jpg,Panas! Video trending hari ini | tonton sekarang. #fyp #viral #trending,NJjea9e81,NJJEA9
9venj3-ketika-satu-kelas-belajar-di-luar-ruangan-1786651747,[9VENJ3] Ketika Satu Kelas Belajar di Luar Ruangan,https://cdn.aceimg.com/hSxmmeu3o.jpg,Update harian spesial untuk kamu! Jangan sampai ketinggalan. #fyp #viral #trending,9VEnj3Aj1,9VENJ3
mdonmc-murid-ini-mengubah-cara-temannya-melihat-sekolah-1786651873,[MDONMC] Murid Ini Mengubah Cara Temannya Melihat Sekolah,https://cdn.aceimg.com/Aapf2SHMi.jpg,Panas! Video trending hari ini | tonton sekarang. #fyp #viral #trending,mDONMcdL1,MDONMC
bvy7n5-anak-sekolah-ini-mencoba-sehari-tanpa-mengeluh-1786652033,[BVY7N5] Anak Sekolah Ini Mencoba Sehari Tanpa Mengeluh,https://cdn.aceimg.com/UfHybfnIW.jpg,Jangan lewatkan keseruan ini! Update setiap hari. #fyp #viral #trending,bvY7N5Iq1,BVY7N5
wrhkfn-ketika-semua-teman-membuat-daftar-kenangan-sekolah-1786652141,[WRHKFN] Ketika Semua Teman Membuat Daftar Kenangan Sekolah,https://cdn.aceimg.com/vl29mKBv2.jpg,Update harian spesial untuk kamu! Jangan sampai ketinggalan. #fyp #viral #trending,WrhKFNvz1,WRHKFN
cam6fr-murid-ini-menjadi-pembawa-acara-secara-mendadak-1786652236,[CAM6FR] Murid Ini Menjadi Pembawa Acara Secara Mendadak,https://cdn.aceimg.com/LhsKOtOFT.jpg,Cuma di sini tempatnya konten seru! Update terus. #fyp #viral #trending,caM6FRUl1,CAM6FR
d7pckg-anak-sekolah-ini-mengikuti-lomba-dengan-persiapan-sederhana-1786652333,[D7PCKG] Anak Sekolah Ini Mengikuti Lomba dengan Persiapan Sederhana,https://cdn.aceimg.com/92RTHIhcp.jpg,Koleksi eksklusif | cek videonya sekarang! #fyp #viral #trending,D7pCKGG91,D7PCKG
e130d3-ketika-guru-memberi-pilihan-yang-sulit-kepada-murid-1786652433,[E130D3] Ketika Guru Memberi Pilihan yang Sulit kepada Murid,https://cdn.aceimg.com/iroxpW2Jv.jpg,Konten paling dicari saat ini! Tonton sampai habis. #fyp #viral #trending,E130D3DC1,E130D3
pquo79-murid-ini-membuat-karya-dari-barang-bekas-di-sekolah-1786652599,[PQUO79] Murid Ini Membuat Karya dari Barang Bekas di Sekolah,https://cdn.aceimg.com/EvHYRVzxX.jpg,Jangan lewatkan keseruan ini! Update setiap hari. #fyp #viral #trending,pQuo79cW1,PQUO79
i1u59m-anak-sekolah-ini-menemukan-cara-baru-menikmati-waktu-istirahat-1786652685,[I1U59M] Anak Sekolah Ini Menemukan Cara Baru Menikmati Waktu Istirahat,https://cdn.aceimg.com/31zBnpugw.jpg,Panas! Video trending hari ini | tonton sekarang. #fyp #viral #trending,i1U59mNr1,I1U59M
gr5fhf-ketika-satu-kelas-membuat-proyek-untuk-sekolah-1786652746,[GR5FHF] Ketika Satu Kelas Membuat Proyek untuk Sekolah,https://cdn.aceimg.com/zseyItEoo.jpg,Konten paling dicari saat ini! Tonton sampai habis. #fyp #viral #trending,4zMXSJ871,GR5FHF
kbcovk-murid-ini-berhasil-mengajak-teman-temannya-membaca-1786652809,[KBCOVK] Murid Ini Berhasil Mengajak Teman-Temannya Membaca,https://cdn.aceimg.com/AIdVc2ncA.jpg,Siap-siap terhibur dengan video terbaru kami! #fyp #viral #trending,wcaLj6fM1,KBCOVK
uyowdz-anak-sekolah-ini-mencoba-menjadi-lebih-disiplin-selama-tujuh-hari-1786652892,[UYOWDZ] Anak Sekolah Ini Mencoba Menjadi Lebih Disiplin Selama Tujuh Hari,https://cdn.aceimg.com/6JXaTzCUD.jpg,Jangan lewatkan keseruan ini! Update setiap hari. #fyp #viral #trending,i8YIZJww1,UYOWDZ
o0rczw-ketika-teman-sekelas-menjadi-partner-belajar-yang-tak-terduga-1786652987,[O0RCZW] Ketika Teman Sekelas Menjadi Partner Belajar yang Tak Terduga,https://cdn.aceimg.com/1fSJYNbfz.jpg,Siap-siap terhibur dengan video terbaru kami! #fyp #viral #trending,XIazXDVa1,O0RCZW
uqnvll-murid-ini-mengubah-meja-kelas-menjadi-tempat-kreativitas-1786653079,[UQNVLL] Murid Ini Mengubah Meja Kelas Menjadi Tempat Kreativitas,https://cdn.aceimg.com/vXAmOXNef.jpg,Siap-siap terhibur dengan video terbaru kami! #fyp #viral #trending,XEBtHkBu1,UQNVLL
kdexy6-anak-sekolah-ini-mencoba-menulis-cerita-dari-pengalaman-sendiri-1786653171,[KDEXY6] Anak Sekolah Ini Mencoba Menulis Cerita dari Pengalaman Sendiri,https://cdn.aceimg.com/q9PAtlRzE.jpg,Video terbaru yang wajib kamu tonton sekarang juga! #fyp #viral #trending,lWHOTEOo1,KDEXY6
z3tfyw-ketika-semua-murid-membawa-barang-paling-unik-ke-sekolah-1786653315,[Z3TFYW] Ketika Semua Murid Membawa Barang Paling Unik ke Sekolah,https://cdn.aceimg.com/huOThtT2f.jpg,Saksikan keseruannya di sini | update terus setiap harinya! #fyp #viral #trending,sUr8NPIw1,Z3TFYW
vz2h3y-murid-ini-membuat-tantangan-positif-untuk-teman-temannya-1786653380,[VZ2H3Y] Murid Ini Membuat Tantangan Positif untuk Teman-Temannya,https://cdn.aceimg.com/ibzXe5QhW.jpg,Video terbaru yang wajib kamu tonton sekarang juga! #fyp #viral #trending,SzD8jftE1,VZ2H3Y
opg2dn-anak-sekolah-ini-belajar-memasak-untuk-bekal-sendiri-1786653461,[OPG2DN] Anak Sekolah Ini Belajar Memasak untuk Bekal Sendiri,https://cdn.aceimg.com/Y603DJBGp.jpg,Gak perlu cari lagi | ini dia yang kamu tunggu! #fyp #viral #trending,PClbZ08a1,OPG2DN
tz7xrw-ketika-satu-kelas-mengadakan-hari-kreatif-1786653543,[TZ7XRW] Ketika Satu Kelas Mengadakan Hari Kreatif,https://cdn.aceimg.com/MPrmQVRH1.jpg,Update harian spesial untuk kamu! Jangan sampai ketinggalan. #fyp #viral #trending,ZXSBrLmS1,TZ7XRW
rr2o19-murid-ini-membuat-presentasi-yang-membuat-semua-orang-terdiam-1786653601,[RR2O19] Murid Ini Membuat Presentasi yang Membuat Semua Orang Terdiam,https://cdn.aceimg.com/NKAuyiIIt.jpg,Saksikan keseruannya di sini | update terus setiap harinya! #fyp #viral #trending,VXs1zNE81,RR2O19
z6op30-anak-sekolah-ini-mengubah-tugas-membosankan-menjadi-menyenangkan-1786653668,[Z6OP30] Anak Sekolah Ini Mengubah Tugas Membosankan Menjadi Menyenangkan,https://cdn.aceimg.com/QOCEYCkvs.jpg,Siap-siap terhibur dengan video terbaru kami! #fyp #viral #trending,rlsoEeSr1,Z6OP30
7lez6q-ketika-teman-sekelas-saling-bertukar-tips-belajar-1786653818,[7LEZ6Q] Ketika Teman Sekelas Saling Bertukar Tips Belajar,https://cdn.aceimg.com/p7ZEIun6b.jpg,Cuma di sini tempatnya konten seru! Update terus. #fyp #viral #trending,2LYhZf421,7LEZ6Q
xoramv-murid-ini-mencoba-menjadi-relawan-di-acara-sekolah-1786653920,[XORAMV] Murid Ini Mencoba Menjadi Relawan di Acara Sekolah,https://cdn.aceimg.com/g86KhVVFu.jpg,Gak perlu cari lagi | ini dia yang kamu tunggu! #fyp #viral #trending,xravfzpw1,XORAMV
bmvvof-anak-sekolah-ini-membuat-buku-kenangan-untuk-teman-temannya-1786653999,[BMVVOF] Anak Sekolah Ini Membuat Buku Kenangan untuk Teman-Temannya,https://cdn.aceimg.com/Jx4OYA0p3.jpg,Siap-siap terhibur dengan video terbaru kami! #fyp #viral #trending,7h3CuRvg1,BMVVOF
m4peud-ketika-guru-mengajak-murid-membahas-cita-cita-1786654065,[M4PEUD] Ketika Guru Mengajak Murid Membahas Cita-Cita,https://cdn.aceimg.com/dnhW5pQrq.jpg,Konten paling dicari saat ini! Tonton sampai habis. #fyp #viral #trending,tu0nREeg1,M4PEUD
yzzkuu-murid-ini-menemukan-inspirasi-dari-hal-sederhana-di-sekolah-1786654154,[YZZKUU] Murid Ini Menemukan Inspirasi dari Hal Sederhana di Sekolah,https://cdn.aceimg.com/OgoCp5vfn.jpg,Video terbaru yang wajib kamu tonton sekarang juga! #fyp #viral #trending,iazqOgmu1,YZZKUU
tfkyxs-anak-sekolah-ini-membuat-hari-biasa-terasa-istimewa-1786654220,[TFKYXS] Anak Sekolah Ini Membuat Hari Biasa Terasa Istimewa,https://cdn.aceimg.com/tGnp2eN8y.jpg,Saksikan keseruannya di sini | update terus setiap harinya! #fyp #viral #trending,wfCxQfJ91,TFKYXS
mljjr0-ketika-semua-teman-berusaha-membantu-satu-murid-1786654284,[MLJJR0] Ketika Semua Teman Berusaha Membantu Satu Murid,https://cdn.aceimg.com/LVbr9G7xo.jpg,Koleksi eksklusif | cek videonya sekarang! #fyp #viral #trending,DnHE5nXL1,MLJJR0
cjz0pb-murid-ini-mengubah-kegagalan-menjadi-motivasi-1786654351,[CJZ0PB] Murid Ini Mengubah Kegagalan Menjadi Motivasi,https://cdn.aceimg.com/dqodi5NV5.jpg,Siap-siap terhibur dengan video terbaru kami! #fyp #viral #trending,sjsHPzMF1,CJZ0PB
llmihk-anak-sekolah-ini-membuktikan-bahwa-setiap-orang-punya-bakat-1786654486,[LLMIHK] Anak Sekolah Ini Membuktikan Bahwa Setiap Orang Punya Bakat,https://cdn.aceimg.com/rUI4gMs4E.jpg,Cuma di sini tempatnya konten seru! Update terus. #fyp #viral #trending,6x44wnk1,LLMIHK
usqhrc-ketika-satu-kelas-membuat-kejutan-di-hari-terakhir-1786654568,[USQHRC] Ketika Satu Kelas Membuat Kejutan di Hari Terakhir,https://cdn.aceimg.com/HCDBRvfP6.jpg,Siap-siap terhibur dengan video terbaru kami! #fyp #viral #trending,COSnZ7tX1,USQHRC
db6rg8-murid-ini-menyimpan-semua-tiket-dan-kenangan-sekolah-1786654834,[DB6RG8] Murid Ini Menyimpan Semua Tiket dan Kenangan Sekolah,https://cdn.aceimg.com/hdpyznNS5.jpg,Panas! Video trending hari ini | tonton sekarang. #fyp #viral #trending,P5KS2o3S1,DB6RG8
uaaqix-anak-sekolah-ini-membuat-daftar-100-hal-yang-ingin-dilakukan-1786654960,[UAAQIX] Anak Sekolah Ini Membuat Daftar 100 Hal yang Ingin Dilakukan,https://cdn.aceimg.com/XsKynG0mV.jpg,Panas! Video trending hari ini | tonton sekarang. #fyp #viral #trending,9wzM0WtJ1,UAAQIX
3tvwzt-ketika-teman-lama-bertemu-lagi-di-acara-sekolah-1786655037,[3TVWZT] Ketika Teman Lama Bertemu Lagi di Acara Sekolah,https://cdn.aceimg.com/NolTXGLuf.jpg,Jangan lewatkan keseruan ini! Update setiap hari. #fyp #viral #trending,olLlXSbp1,3TVWZT
8tw2ay-murid-ini-membuat-tantangan-belajar-yang-diikuti-banyak-teman-1786655134,[8TW2AY] Murid Ini Membuat Tantangan Belajar yang Diikuti Banyak Teman,https://cdn.aceimg.com/GcAhReb5n.jpg,Koleksi eksklusif | cek videonya sekarang! #fyp #viral #trending,0bj0gHnR1,8TW2AY
uasgqc-anak-sekolah-ini-menemukan-makna-di-balik-seragamnya-1786764818,[UASGQC] Anak Sekolah Ini Menemukan Makna di Balik Seragamnya,https://cdn.aceimg.com/hAPKxWGDK.jpg,Cuma di sini tempatnya konten seru! Update terus. #fyp #viral #trending,KBx47LyM1,UASGQC
dsdvp2-ketika-satu-hari-di-sekolah-berubah-menjadi-kenangan-abadi-1786764923,[DSDVP2] Ketika Satu Hari di Sekolah Berubah Menjadi Kenangan Abadi,https://cdn.aceimg.com/VWBwWgTRq.jpg,Saksikan keseruannya di sini | update terus setiap harinya! #fyp #viral #trending,Ov7bkIrw1,DSDVP2
igvrnd-murid-ini-menulis-surat-untuk-dirinya-di-masa-depan-1786765089,[IGVRND] Murid Ini Menulis Surat untuk Dirinya di Masa Depan,https://cdn.aceimg.com/TQv2ufXlD.jpg,Panas! Video trending hari ini | tonton sekarang. #fyp #viral #trending,127Zxj901,IGVRND
vdpupq-anak-sekolah-ini-membuat-proyek-yang-awalnya-diremehkan-1786765174,[VDPUPQ] Anak Sekolah Ini Membuat Proyek yang Awalnya Diremehkan,https://cdn.aceimg.com/WPUd0FrDq.jpg,Jangan lewatkan keseruan ini! Update setiap hari. #fyp #viral #trending,hjX2JmV81,VDPUPQ
lhtoia-ketika-semua-kenangan-sekolah-dikumpulkan-dalam-satu-video-1786765255,[LHTOIA] Ketika Semua Kenangan Sekolah Dikumpulkan dalam Satu Video,https://cdn.aceimg.com/saBIClDzE.jpg,Cuma di sini tempatnya konten seru! Update terus. #fyp #viral #trending,Bxgynvop1,LHTOIA
eamlws-satu-hari-terakhir-di-sekolah-seribu-kenangan-bermunculan-1786765345,[EAMLWS] Satu Hari Terakhir di Sekolah | Seribu Kenangan Bermunculan,https://cdn.aceimg.com/l4M2LT8pB.jpg,Update harian spesial untuk kamu! Jangan sampai ketinggalan. #fyp #viral #trending,ZNbX0sUM1,EAMLWS
ufm86x-ketika-murid-baru-masuk-kelas-dengan-sebuah-misi-rahasia-1786765416,[UFM86X] Ketika Murid Baru Masuk Kelas dengan Sebuah Misi Rahasia,https://cdn.aceimg.com/m2s3ptYeQ.jpg,Siap-siap terhibur dengan video terbaru kami! #fyp #viral #trending,l0PFEawH1,UFM86X
b4poan-anak-sekolah-ini-punya-ritual-unik-sebelum-pelajaran-dimulai-1786765486,[B4POAN] Anak Sekolah Ini Punya Ritual Unik Sebelum Pelajaran Dimulai,https://cdn.aceimg.com/84dMJShyA.jpg,Gak perlu cari lagi | ini dia yang kamu tunggu! #fyp #viral #trending,GMGD8M1g1,B4POAN
ys6edw-satu-kertas-kecil-membuat-satu-kelas-penasaran-1786765553,[YS6EDW] Satu Kertas Kecil Membuat Satu Kelas Penasaran,https://cdn.aceimg.com/WoARlmPj4.jpg,Siap-siap terhibur dengan video terbaru kami! #fyp #viral #trending,9iXZviaF1,YS6EDW
rd9f6l-murid-ini-tiba-tiba-mengubah-tempat-duduknya-setiap-hari-1786765655,[RD9F6L] Murid Ini Tiba-Tiba Mengubah Tempat Duduknya Setiap Hari,https://cdn.aceimg.com/S3Jy2nfL0.jpg,Koleksi eksklusif | cek videonya sekarang! #fyp #viral #trending,iFl5SeEM1,RD9F6L
jbv45c-ketika-bel-sekolah-berbunyi-dua-kali-di-hari-yang-sama-1786765757,[JBV45C] Ketika Bel Sekolah Berbunyi Dua Kali di Hari yang Sama,https://cdn.aceimg.com/fiMM23BNO.jpg,Gak perlu cari lagi | ini dia yang kamu tunggu! #fyp #viral #trending,pXmKGfxr1,JBV45C
jaaq3t-anak-sekolah-ini-menemukan-cara-kreatif-mengatasi-rasa-bosan-1786765875,[JAAQ3T] Anak Sekolah Ini Menemukan Cara Kreatif Mengatasi Rasa Bosan,https://cdn.aceimg.com/jNj3II2Rp.jpg,Update harian spesial untuk kamu! Jangan sampai ketinggalan. #fyp #viral #trending,rLorNjhh1,JAAQ3T
q8cbnx-satu-hari-menjadi-murid-paling-populer-di-sekolah-1786766015,[Q8CBNX] Satu Hari Menjadi Murid Paling Populer di Sekolah,https://cdn.aceimg.com/x6rVOji4u.jpg,Saksikan keseruannya di sini | update terus setiap harinya! #fyp #viral #trending,C3ftc1BD1,Q8CBNX
6akkhi-ketika-guru-menantang-murid-untuk-membuat-sesuatu-yang-mustahil-1786766096,[6AKKHI] Ketika Guru Menantang Murid untuk Membuat Sesuatu yang Mustahil,https://cdn.aceimg.com/rRbKlYnQm.jpg,Saksikan keseruannya di sini | update terus setiap harinya! #fyp #viral #trending,bmg3oLvZ1,6AKKHI
avynhe-murid-ini-menyimpan-kenangan-sekolah-dalam-kotak-kecil-1786766177,[AVYNHE] Murid Ini Menyimpan Kenangan Sekolah dalam Kotak Kecil,https://cdn.aceimg.com/jGa6HpKJZ.jpg,Koleksi eksklusif | cek videonya sekarang! #fyp #viral #trending,GVGTYU811,AVYNHE
2f4qn6-anak-sekolah-ini-selalu-punya-cerita-saat-pulang-1786766360,[2F4QN6] Anak Sekolah Ini Selalu Punya Cerita Saat Pulang,https://cdn.aceimg.com/8lpZOyEJx.jpg,Siap-siap terhibur dengan video terbaru kami! #fyp #viral #trending,Orhm3IpM1,2F4QN6
rjrt9t-ketika-teman-sekelas-menyiapkan-rencana-tanpa-sepengetahuannya-1786766423,[RJRT9T] Ketika Teman Sekelas Menyiapkan Rencana Tanpa Sepengetahuannya,https://cdn.aceimg.com/vPvmT5EFE.jpg,Konten paling dicari saat ini! Tonton sampai habis. #fyp #viral #trending,MVw19ka61,RJRT9T
xa9x2u-murid-ini-membawa-barang-sederhana-yang-ternyata-sangat-berarti-1786766518,[XA9X2U] Murid Ini Membawa Barang Sederhana yang Ternyata Sangat Berarti,https://cdn.aceimg.com/hE8INizPy.jpg,Konten paling dicari saat ini! Tonton sampai habis. #fyp #viral #trending,FY6rWiMm1,XA9X2U
rmiyos-satu-pertanyaan-di-kelas-membuat-semua-murid-berpikir-1786766626,[RMIYOS] Satu Pertanyaan di Kelas Membuat Semua Murid Berpikir,https://cdn.aceimg.com/GxN5RNdct.jpg,Konten paling dicari saat ini! Tonton sampai habis. #fyp #viral #trending,G5gYtWRH1,RMIYOS
57xbqv-anak-sekolah-ini-mencoba-mengubah-kebiasaan-buruknya-1786766751,[57XBQV] Anak Sekolah Ini Mencoba Mengubah Kebiasaan Buruknya,https://cdn.aceimg.com/B6WudlLun.jpg,Cuma di sini tempatnya konten seru! Update terus. #fyp #viral #trending,Bczjay6D1,57XBQV
i0lel3-ketika-satu-kelas-mendapat-tantangan-selama-24-jam-1786766874,[I0LEL3] Ketika Satu Kelas Mendapat Tantangan Selama 24 Jam,https://cdn.aceimg.com/lmyP7O5As.jpg,Cuma di sini tempatnya konten seru! Update terus. #fyp #viral #trending,AetvKtYz1,I0LEL3
tyzd3q-murid-ini-menjadi-detektif-dadakan-di-sekolah-1786767113,[TYZD3Q] Murid Ini Menjadi Detektif Dadakan di Sekolah,https://cdn.aceimg.com/jBoTjzoQ6.jpg,Video terbaru yang wajib kamu tonton sekarang juga! #fyp #viral #trending,BIVqIqVG1,TYZD3Q
zscxdi-anak-sekolah-ini-membuat-teman-temannya-terkejut-dengan-keahliannya-1786767323,[ZSCXDI] Anak Sekolah Ini Membuat Teman-Temannya Terkejut dengan Keahliannya,https://cdn.aceimg.com/4tAXFH1WS.jpg,Saksikan keseruannya di sini | update terus setiap harinya! #fyp #viral #trending,iRRzryEX1,ZSCXDI
pa8mut-ketika-sebuah-foto-kelas-menjadi-kenangan-paling-berharga-1786767391,[PA8MUT] Ketika Sebuah Foto Kelas Menjadi Kenangan Paling Berharga,https://cdn.aceimg.com/RRIU5BH8T.jpg,Video terbaru yang wajib kamu tonton sekarang juga! #fyp #viral #trending,MZdSyAyE1,PA8MUT
20bps8-murid-ini-memulai-hari-sekolah-dengan-cara-yang-berbeda-1786955756,[20BPS8] Murid Ini Memulai Hari Sekolah dengan Cara yang Berbeda,https://cdn.aceimg.com/fClyN6SZa.jpg,Koleksi eksklusif | cek videonya sekarang! #fyp #viral #trending,O8XDKKKV1,20BPS8
ly3xe2-anak-sekolah-ini-punya-cara-unik-memotivasi-temannya-1786955865,[LY3XE2] Anak Sekolah Ini Punya Cara Unik Memotivasi Temannya,https://cdn.aceimg.com/JtvoFMyce.jpg,Konten paling dicari saat ini! Tonton sampai habis. #fyp #viral #trending,pBvNI6M01,LY3XE2
zipjbf-ketika-satu-kelas-bertukar-cerita-tentang-impian-1786955934,[ZIPJBF] Ketika Satu Kelas Bertukar Cerita Tentang Impian,https://cdn.aceimg.com/MKpy6ce9U.jpg,Update harian spesial untuk kamu! Jangan sampai ketinggalan. #fyp #viral #trending,KDyxPJdU1,ZIPJBF
51a6kf-murid-ini-membuat-peta-rahasia-kenangan-sekolah-1786956008,[51A6KF] Murid Ini Membuat Peta Rahasia Kenangan Sekolah,https://cdn.aceimg.com/4wh5pmSwI.jpg,Video terbaru yang wajib kamu tonton sekarang juga! #fyp #viral #trending,tTKlm8Yx1,51A6KF
dgoijt-anak-sekolah-ini-berani-mencoba-sesuatu-yang-selama-ini-ditakuti-1786956143,[DGOIJT] Anak Sekolah Ini Berani Mencoba Sesuatu yang Selama Ini Ditakuti,https://cdn.aceimg.com/AEWNp6c16.jpg,Saksikan keseruannya di sini | update terus setiap harinya! #fyp #viral #trending,THvrfdJY1,DGOIJT
f96lec-ketika-guru-menemukan-bakat-tersembunyi-di-kelas-1786956569,[F96LEC] Ketika Guru Menemukan Bakat Tersembunyi di Kelas,https://cdn.aceimg.com/jBCsXf6SY.jpg,Siap-siap terhibur dengan video terbaru kami! #fyp #viral #trending,iEmm7Vki1,F96LEC
bvzrij-murid-ini-mengubah-tugas-kelompok-menjadi-petualangan-1786956754,[BVZRIJ] Murid Ini Mengubah Tugas Kelompok Menjadi Petualangan,https://cdn.aceimg.com/KaHJl5WQx.jpg,Siap-siap terhibur dengan video terbaru kami! #fyp #viral #trending,5wnHSWDB1,BVZRIJ
ya5nog-anak-sekolah-ini-membuat-tantangan-untuk-dirinya-sendiri-1786956990,[YA5NOG] Anak Sekolah Ini Membuat Tantangan untuk Dirinya Sendiri,https://cdn.aceimg.com/zdejJcGt0.jpg,Video terbaru yang wajib kamu tonton sekarang juga! #fyp #viral #trending,HcilJbfm1,YA5NOG
90kzek-ketika-semua-murid-mendapat-satu-misi-yang-sama-1786957088,[90KZEK] Ketika Semua Murid Mendapat Satu Misi yang Sama,https://cdn.aceimg.com/rw8F2V0zh.jpg,Panas! Video trending hari ini | tonton sekarang. #fyp #viral #trending,WAzDZTXU1,90KZEK
l7e6c9-murid-ini-punya-cara-unik-menyusun-jadwal-sekolah-1786957277,[L7E6C9] Murid Ini Punya Cara Unik Menyusun Jadwal Sekolah,https://cdn.aceimg.com/0WrhSmPTs.jpg,Gak perlu cari lagi | ini dia yang kamu tunggu! #fyp #viral #trending,O8MAR5Ei1,L7E6C9
d2is3m-anak-sekolah-ini-menemukan-teman-baru-dari-sebuah-kesalahan-1786957474,[D2IS3M] Anak Sekolah Ini Menemukan Teman Baru dari Sebuah Kesalahan,https://cdn.aceimg.com/qnLx3rVMv.jpg,Konten paling dicari saat ini! Tonton sampai habis. #fyp #viral #trending,Oot8x6IR1,D2IS3M
qabcl2-ketika-kelas-mendapat-tugas-yang-tidak-boleh-gagal-1786957539,[QABCL2] Ketika Kelas Mendapat Tugas yang Tidak Boleh Gagal,https://cdn.aceimg.com/tL2Z8FmiM.jpg,Update harian spesial untuk kamu! Jangan sampai ketinggalan. #fyp #viral #trending,FVwV843U1,QABCL2
u6nszg-murid-ini-membuat-buku-kenangan-sebelum-lulus-1786957625,[U6NSZG] Murid Ini Membuat Buku Kenangan Sebelum Lulus,https://cdn.aceimg.com/lcgVtP1cp.jpg,Saksikan keseruannya di sini | update terus setiap harinya! #fyp #viral #trending,Y4LCLrsc1,U6NSZG
nbngff-anak-sekolah-ini-menghabiskan-satu-hari-tanpa-mengeluh-1786995243,[NBNGFF] Anak Sekolah Ini Menghabiskan Satu Hari Tanpa Mengeluh,https://cdn.aceimg.com/nICOkM4LY.jpg,Update harian spesial untuk kamu! Jangan sampai ketinggalan. #fyp #viral #trending,7LbAHINq1,NBNGFF
hgwjoy-ketika-teman-sekelas-menukar-peran-selama-sehari-1786995354,[HGWJOY] Ketika Teman Sekelas Menukar Peran Selama Sehari,https://cdn.aceimg.com/ajIbmZqVi.jpg,Update harian spesial untuk kamu! Jangan sampai ketinggalan. #fyp #viral #trending,J9mYrxeU1,HGWJOY
weeard-murid-ini-mencoba-menjadi-orang-pertama-yang-menyapa-semua-orang-1786995584,[WEEARD] Murid Ini Mencoba Menjadi Orang Pertama yang Menyapa Semua Orang,https://cdn.aceimg.com/fc7ssM1MV.jpg,Panas! Video trending hari ini | tonton sekarang. #fyp #viral #trending,s7RCCUHx1,WEEARD
yyppsa-anak-sekolah-ini-membuat-permainan-baru-saat-jam-istirahat-1787022317,[YYPPSA] Anak Sekolah Ini Membuat Permainan Baru Saat Jam Istirahat,https://cdn.aceimg.com/uj2yZQqpj.jpg,Panas! Video trending hari ini | tonton sekarang. #fyp #viral #trending,T78XhbeC1,YYPPSA
yeaskt-ketika-satu-kelas-harus-memecahkan-sebuah-teka-teki-1787022457,[YEASKT] Ketika Satu Kelas Harus Memecahkan Sebuah Teka-Teki,https://cdn.aceimg.com/W1PnNXk3J.jpg,Gak perlu cari lagi | ini dia yang kamu tunggu! #fyp #viral #trending,CmM6omYm1,YEASKT
cvzhpz-murid-ini-menemukan-inspirasi-di-sudut-sekolah-1787022613,[CVZHPZ] Murid Ini Menemukan Inspirasi di Sudut Sekolah,https://cdn.aceimg.com/cfsVjGdEB.jpg,Cuma di sini tempatnya konten seru! Update terus. #fyp #viral #trending,pWeD3a8G1,CVZHPZ
gfhpcy-anak-sekolah-ini-mengubah-sampah-menjadi-karya-kreatif-1787022792,[GFHPCY] Anak Sekolah Ini Mengubah Sampah Menjadi Karya Kreatif,https://cdn.aceimg.com/4EdS5zfSl.jpg,Panas! Video trending hari ini | tonton sekarang. #fyp #viral #trending,js0aY46V1,GFHPCY
qbbzlf-ketika-guru-memberikan-satu-nasihat-yang-tak-terlupakan-1787022947,[QBBZLF] Ketika Guru Memberikan Satu Nasihat yang Tak Terlupakan,https://cdn.aceimg.com/1VAtzBehw.jpg,Gak perlu cari lagi | ini dia yang kamu tunggu! #fyp #viral #trending,W08XGXcv1,QBBZLF
xdoufq-murid-ini-menantang-temannya-untuk-belajar-bersama-1787023045,[XDOUFQ] Murid Ini Menantang Temannya untuk Belajar Bersama,https://cdn.aceimg.com/EDeWZKghn.jpg,Cuma di sini tempatnya konten seru! Update terus. #fyp #viral #trending,3nZYBzL01,XDOUFQ
bzn6bo-anak-sekolah-ini-mencoba-menjadi-lebih-berani-selama-seminggu-1787023156,[BZN6BO] Anak Sekolah Ini Mencoba Menjadi Lebih Berani Selama Seminggu,https://cdn.aceimg.com/BU28PyhDd.jpg,Update harian spesial untuk kamu! Jangan sampai ketinggalan. #fyp #viral #trending,ygK9PBc81,BZN6BO
mzkd6j-ketika-satu-kelas-membuat-hari-kejutan-untuk-guru-1787023250,[MZKD6J] Ketika Satu Kelas Membuat Hari Kejutan untuk Guru,https://cdn.aceimg.com/ReqswiHhu.jpg,Gak perlu cari lagi | ini dia yang kamu tunggu! #fyp #viral #trending,v4bwlHs61,MZKD6J
vekchv-murid-ini-selalu-menulis-satu-hal-positif-setiap-hari-1787023317,[VEKCHV] Murid Ini Selalu Menulis Satu Hal Positif Setiap Hari,https://cdn.aceimg.com/OI9DPwMVn.jpg,Koleksi eksklusif | cek videonya sekarang! #fyp #viral #trending,fe3OMkxt1,VEKCHV
0wu283-anak-sekolah-ini-mengajak-temannya-membuat-proyek-rahasia-1787023433,[0WU283] Anak Sekolah Ini Mengajak Temannya Membuat Proyek Rahasia,https://cdn.aceimg.com/yrJjkHO1d.jpg,Gak perlu cari lagi | ini dia yang kamu tunggu! #fyp #viral #trending,gJSv1vBY1,0WU283
ud21oq-ketika-sebuah-buku-tertinggal-menjadi-awal-sebuah-cerita-1787023672,[UD21OQ] Ketika Sebuah Buku Tertinggal Menjadi Awal Sebuah Cerita,https://cdn.aceimg.com/TFLTlwRpp.jpg,Video terbaru yang wajib kamu tonton sekarang juga! #fyp #viral #trending,DfhDfqPG1,UD21OQ
3t9e4v-murid-ini-mengumpulkan-semua-kenangan-sebelum-lulus-1787023735,[3T9E4V] Murid Ini Mengumpulkan Semua Kenangan Sebelum Lulus,https://cdn.aceimg.com/PlHfE3Cze.jpg,Panas! Video trending hari ini | tonton sekarang. #fyp #viral #trending,VWwFpMsS1,3T9E4V
stt5e3-anak-sekolah-ini-menemukan-bakat-saat-sedang-iseng-1787023836,[STT5E3] Anak Sekolah Ini Menemukan Bakat Saat Sedang Iseng,https://cdn.aceimg.com/RaXDlNkxD.jpg,Konten paling dicari saat ini! Tonton sampai habis. #fyp #viral #trending,s1O9J3VE1,STT5E3
cxt82z-ketika-teman-sekelas-membantu-murid-yang-hampir-menyerah-1787023965,[CXT82Z] Ketika Teman Sekelas Membantu Murid yang Hampir Menyerah,https://cdn.aceimg.com/fVlr8GuID.jpg,Saksikan keseruannya di sini | update terus setiap harinya! #fyp #viral #trending,K9JUK8AM1,CXT82Z
nt24u6-murid-ini-membuat-tantangan-membaca-untuk-satu-kelas-1787024111,[NT24U6] Murid Ini Membuat Tantangan Membaca untuk Satu Kelas,https://cdn.aceimg.com/ee3QG3t1L.jpg,Koleksi eksklusif | cek videonya sekarang! #fyp #viral #trending,X00M2TYt1,NT24U6
ko3dpp-anak-sekolah-ini-mencoba-menjalani-hari-tanpa-media-sosial-1787024273,[KO3DPP] Anak Sekolah Ini Mencoba Menjalani Hari Tanpa Media Sosial,https://cdn.aceimg.com/u1NKCEhXV.jpg,Cuma di sini tempatnya konten seru! Update terus. #fyp #viral #trending,3G2sbxxU1,KO3DPP
dqhjvn-murid-ini-membuat-dekorasi-kelas-dari-barang-sederhana-1787024555,[DQHJVN] Murid Ini Membuat Dekorasi Kelas dari Barang Sederhana,https://cdn.aceimg.com/BDchmbuRG.jpg,Konten paling dicari saat ini! Tonton sampai habis. #fyp #viral #trending,VCKYqr2L1,DQHJVN
enxr3n-anak-sekolah-ini-menciptakan-tradisi-baru-di-kelas-1787024636,[ENXR3N] Anak Sekolah Ini Menciptakan Tradisi Baru di Kelas,https://cdn.aceimg.com/S1j3iWyRe.jpg,Gak perlu cari lagi | ini dia yang kamu tunggu! #fyp #viral #trending,qkviPqSt1,ENXR3N
rrir45-ketika-satu-kelas-mengadakan-hari-tanpa-kursi-1787025352,[RRIR45] Ketika Satu Kelas Mengadakan Hari Tanpa Kursi,https://cdn.aceimg.com/3yX4OFDWM.jpg,Panas! Video trending hari ini | tonton sekarang. #fyp #viral #trending,Su53YIrm1,RRIR45
dyxvpb-murid-ini-menjadi-fotografer-kenangan-sekolah-1787025455,[DYXVPB] Murid Ini Menjadi Fotografer Kenangan Sekolah,https://cdn.aceimg.com/YH3T8iyRt.jpg,Video terbaru yang wajib kamu tonton sekarang juga! #fyp #viral #trending,iVSsG9sQ1,DYXVPB
oqwxky-anak-sekolah-ini-menulis-surat-untuk-guru-favoritnya-1787025555,[OQWXKY] Anak Sekolah Ini Menulis Surat untuk Guru Favoritnya,https://cdn.aceimg.com/Si2XeZA4H.jpg,Saksikan keseruannya di sini | update terus setiap harinya! #fyp #viral #trending,uHH6K2li1,OQWXKY
bdalc6-ketika-semua-murid-membawa-satu-barang-paling-berharga-1787025701,[BDALC6] Ketika Semua Murid Membawa Satu Barang Paling Berharga,https://cdn.aceimg.com/yGoHEPj3Z.jpg,Saksikan keseruannya di sini | update terus setiap harinya! #fyp #viral #trending,JkbWoI0N1,BDALC6
