104yu2-sebuah-foto-lama-membawa-kenangan-tak-terlupakan-1785805176,[104YU2] Sebuah Foto Lama Membawa Kenangan Tak Terlupakan,https://cdn.aceimg.com/vLXpyQbMO.jpg,Siap-siap terhibur dengan video terbaru kami! #fyp #viral #trending,104YU2NR1,104YU2
eojnyk-ketika-semua-teman-berkumpul-demi-satu-murid-1785809301,[EOJNYK] Ketika Semua Teman Berkumpul Demi Satu Murid,https://cdn.aceimg.com/V4N2jdZDL.jpg,Konten paling dicari saat ini! Tonton sampai habis. #fyp #viral #trending,EOJnYK5D1,EOJNYK
66uoxb-hari-pertama-sekolah-yang-berakhir-tak-terduga-1785809478,[66UOXB] Hari Pertama Sekolah yang Berakhir Tak Terduga,https://cdn.aceimg.com/PndNVG7wE.jpg,Jangan lewatkan keseruan ini! Update setiap hari. #fyp #viral #trending,66uoxbUW1,66UOXB
ky4tck-murid-yang-diam-diam-membantu-seluruh-kelas-1785809648,[KY4TCK] Murid yang Diam-Diam Membantu Seluruh Kelas,https://cdn.aceimg.com/cnwskquAs.jpg,Panas! Video trending hari ini | tonton sekarang. #fyp #viral #trending,Ky4Tck8k1,KY4TCK
swaquk-guru-tak-menyangka-murid-ini-akan-melakukan-hal-besar-1785810199,[SWAQUK] Guru Tak Menyangka Murid Ini Akan Melakukan Hal Besar,https://cdn.aceimg.com/ZQRxI2OPe.jpg,Jangan lewatkan keseruan ini! Update setiap hari. #fyp #viral #trending,sWAQUKvG1,SWAQUK
bxs39h-cerita-di-balik-buku-perpustakaan-yang-hilang-1785810494,[BXS39H] Cerita di Balik Buku Perpustakaan yang Hilang,https://cdn.aceimg.com/97caAH4Ih.jpg,Saksikan keseruannya di sini | update terus setiap harinya! #fyp #viral #trending,BxS39hiA1,BXS39H
2bnkp2-anak-sekolah-ini-menemukan-sesuatu-di-halaman-sekolah-1785810695,[2BNKP2] Anak Sekolah Ini Menemukan Sesuatu di Halaman Sekolah,https://cdn.aceimg.com/xrOLVuf6P.jpg,Update harian spesial untuk kamu! Jangan sampai ketinggalan. #fyp #viral #trending,2bNkp2Fm1,2BNKP2
iaxdol-momen-saat-semua-murid-berdiri-bersama-1785810847,[IAXDOL] Momen Saat Semua Murid Berdiri Bersama,https://cdn.aceimg.com/JSL44I4kO.jpg,Siap-siap terhibur dengan video terbaru kami! #fyp #viral #trending,iAxdOLes1,IAXDOL
ef6lfd-murid-yang-selalu-membawa-buku-bekas-1785810985,[EF6LFD] Murid yang Selalu Membawa Buku Bekas,https://cdn.aceimg.com/ViMzbAGyE.jpg,Saksikan keseruannya di sini | update terus setiap harinya! #fyp #viral #trending,Ef6LfdoE1,EF6LFD
abbgf3-ketika-satu-kebaikan-dibalas-dengan-kejutan-besar-1785811121,[ABBGF3] Ketika Satu Kebaikan Dibalas dengan Kejutan Besar,https://cdn.aceimg.com/jd7W6o5xE.jpg,Video terbaru yang wajib kamu tonton sekarang juga! #fyp #viral #trending,aBbGF36w1,ABBGF3
uhnidz-anak-sekolah-ini-mengajarkan-arti-kejujuran-1785811287,[UHNIDZ] Anak Sekolah Ini Mengajarkan Arti Kejujuran,https://cdn.aceimg.com/bHvRyq61c.png,Siap-siap terhibur dengan video terbaru kami! #fyp #viral #trending,UHNiDZGY1,UHNIDZ
mpvupn-sebuah-janji-yang-dibuat-saat-jam-istirahat-1785811475,[MPVUPN] Sebuah Janji yang Dibuat Saat Jam Istirahat,https://cdn.aceimg.com/Icvjx4SNl.jpg,Video terbaru yang wajib kamu tonton sekarang juga! #fyp #viral #trending,mPvupNg01,MPVUPN
pjy979-murid-yang-menjadi-pahlawan-tanpa-disadari-1785811611,[PJY979] Murid yang Menjadi Pahlawan Tanpa Disadari,https://cdn.aceimg.com/eUSPjk6B5.jpg,Koleksi eksklusif | cek videonya sekarang! #fyp #viral #trending,PjY9799p1,PJY979
af7i21-sebuah-payung-yang-memulai-persahabatan-baru-1785812031,[AF7I21] Sebuah Payung yang Memulai Persahabatan Baru,https://cdn.aceimg.com/hTqks28LY.jpg,Konten paling dicari saat ini! Tonton sampai habis. #fyp #viral #trending,AF7I21yq1,AF7I21
ggof93-murid-yang-selalu-duduk-di-barisan-belakang-1785812107,[GGOF93] Murid yang Selalu Duduk di Barisan Belakang,https://cdn.aceimg.com/tRt432IZW.jpg,Gak perlu cari lagi | ini dia yang kamu tunggu! #fyp #viral #trending,ggof93ih1,GGOF93
fxabsn-semua-orang-terdiam-setelah-mendengar-ceritanya-1785812178,[FXABSN] Semua Orang Terdiam Setelah Mendengar Ceritanya,https://cdn.aceimg.com/uHE0GEIrk.jpg,Siap-siap terhibur dengan video terbaru kami! #fyp #viral #trending,fxAbSna51,FXABSN
uoe4ad-anak-sekolah-ini-membuktikan-nilai-bukan-segalanya-1785812250,[UOE4AD] Anak Sekolah Ini Membuktikan Nilai Bukan Segalanya,https://cdn.aceimg.com/vBmCdIBzP.jpg,Saksikan keseruannya di sini | update terus setiap harinya! #fyp #viral #trending,UOe4ADGr1,UOE4AD
vvnvds-rahasia-di-balik-kotak-bekal-seorang-murid-1785812333,[VVNVDS] Rahasia di Balik Kotak Bekal Seorang Murid,https://cdn.aceimg.com/XHpgWY56t.jpg,Saksikan keseruannya di sini | update terus setiap harinya! #fyp #viral #trending,vVnVDS5l1,VVNVDS
m6mmyj-momen-yang-membuat-seluruh-sekolah-bangga-1785812427,[M6MMYJ] Momen yang Membuat Seluruh Sekolah Bangga,https://cdn.aceimg.com/vHdJYdw5S.jpg,Saksikan keseruannya di sini | update terus setiap harinya! #fyp #viral #trending,M6MmyJad1,M6MMYJ
tffmvy-guru-memberikan-tugas-yang-mengubah-hidup-murid-1785812520,[TFFMVY] Guru Memberikan Tugas yang Mengubah Hidup Murid,https://cdn.aceimg.com/NJu7DeFNT.jpg,Jangan lewatkan keseruan ini! Update setiap hari. #fyp #viral #trending,TffmVY581,TFFMVY
ecyyvp-murid-yang-selalu-membantu-petugas-kebersihan-1785812586,[ECYYVP] Murid yang Selalu Membantu Petugas Kebersihan,https://cdn.aceimg.com/gy1kyksVQ.jpg,Panas! Video trending hari ini | tonton sekarang. #fyp #viral #trending,eCYyVpDd1,ECYYVP
pzclhs-saat-satu-kelas-bersatu-demi-temannya-1785812668,[PZCLHS] Saat Satu Kelas Bersatu Demi Temannya,https://cdn.aceimg.com/XZksoQiVH.jpg,Cuma di sini tempatnya konten seru! Update terus. #fyp #viral #trending,PzcLhsQ11,PZCLHS
4f5tkf-anak-sekolah-ini-tidak-takut-bermimpi-besar-1785812761,[4F5TKF] Anak Sekolah Ini Tidak Takut Bermimpi Besar,https://cdn.aceimg.com/ywVEhOba4.jpg,Siap-siap terhibur dengan video terbaru kami! #fyp #viral #trending,4F5TKFRk1,4F5TKF
oxntvz-kisah-persahabatan-yang-bertahan-hingga-lulus-1785812857,[OXNTVZ] Kisah Persahabatan yang Bertahan Hingga Lulus,https://cdn.aceimg.com/bkprYrcN5.jpg,Video terbaru yang wajib kamu tonton sekarang juga! #fyp #viral #trending,OXntVz231,OXNTVZ
cb3fcy-murid-yang-selalu-membawa-senyum-ke-kelas-1785813213,[CB3FCY] Murid yang Selalu Membawa Senyum ke Kelas,https://cdn.aceimg.com/tfICCzOKJ.jpg,Update harian spesial untuk kamu! Jangan sampai ketinggalan. #fyp #viral #trending,cB3fCYyD1,CB3FCY
iw0m11-ketika-semua-orang-menunggu-hasil-pengumuman-1785813322,[IW0M11] Ketika Semua Orang Menunggu Hasil Pengumuman,https://cdn.aceimg.com/V9YvRS8b9.jpg,Saksikan keseruannya di sini | update terus setiap harinya! #fyp #viral #trending,Iw0M11wf1,IW0M11
iduvh9-anak-sekolah-ini-berhasil-membalikkan-keadaan-1785813394,[IDUVH9] Anak Sekolah Ini Berhasil Membalikkan Keadaan,https://cdn.aceimg.com/BN61qLTDF.jpg,Video terbaru yang wajib kamu tonton sekarang juga! #fyp #viral #trending,idUVH9Pd1,IDUVH9
k7xgev-guru-menemukan-bakat-terpendam-muridnya-1785813466,[K7XGEV] Guru Menemukan Bakat Terpendam Muridnya,https://cdn.aceimg.com/I6p7fqq9z.jpg,Cuma di sini tempatnya konten seru! Update terus. #fyp #viral #trending,k7xgEVQC1,K7XGEV
y2a46p-sebuah-buku-catatan-yang-menyimpan-harapan-1785813543,[Y2A46P] Sebuah Buku Catatan yang Menyimpan Harapan,https://cdn.aceimg.com/wqBLQhzG2.jpg,Saksikan keseruannya di sini | update terus setiap harinya! #fyp #viral #trending,Y2A46pnn1,Y2A46P
9tnodz-murid-yang-menjadi-inspirasi-bagi-adik-kelas-1785813664,[9TNODZ] Murid yang Menjadi Inspirasi bagi Adik Kelas,https://cdn.aceimg.com/iIh3Wv5Hd.jpg,Gak perlu cari lagi | ini dia yang kamu tunggu! #fyp #viral #trending,9tNoDzef1,9TNODZ
s90weq-hari-terakhir-sekolah-yang-penuh-air-mata-bahagia-1785813777,[S90WEQ] Hari Terakhir Sekolah yang Penuh Air Mata Bahagia,https://cdn.aceimg.com/aHXkvmc9G.jpg,Video terbaru yang wajib kamu tonton sekarang juga! #fyp #viral #trending,s90WEQc91,S90WEQ
0hmzvy-anak-sekolah-ini-mengubah-pandangan-semua-orang-1785813872,[0HMZVY] Anak Sekolah Ini Mengubah Pandangan Semua Orang,https://cdn.aceimg.com/TdE8eF7MY.jpg,Update harian spesial untuk kamu! Jangan sampai ketinggalan. #fyp #viral #trending,0hmZvYfG1,0HMZVY
dn4vqx-cerita-yang-dimulai-dari-kantin-sekolah-1785813941,[DN4VQX] Cerita yang Dimulai dari Kantin Sekolah,https://cdn.aceimg.com/q2AF8PpmI.jpg,Video terbaru yang wajib kamu tonton sekarang juga! #fyp #viral #trending,Dn4VqxpY1,DN4VQX
qvd5ay-murid-yang-tidak-pernah-kehilangan-semangat-1785814015,[QVD5AY] Murid yang Tidak Pernah Kehilangan Semangat,https://cdn.aceimg.com/510jJVjOK.png,Panas! Video trending hari ini | tonton sekarang. #fyp #viral #trending,qVD5aY251,QVD5AY
hkq5s5-guru-memberikan-kesempatan-kedua-1785814109,[HKQ5S5] Guru Memberikan Kesempatan Kedua,https://cdn.aceimg.com/Sg2w1CK2e.jpg,Cuma di sini tempatnya konten seru! Update terus. #fyp #viral #trending,hkq5S5qL1,HKQ5S5
90shmq-sebuah-pertemuan-yang-mengubah-masa-depan-1785814276,[90SHMQ] Sebuah Pertemuan yang Mengubah Masa Depan,https://cdn.aceimg.com/M06SvSJdf.jpg,Video terbaru yang wajib kamu tonton sekarang juga! #fyp #viral #trending,90shmQRZ1,90SHMQ
y6fhns-anak-sekolah-ini-selalu-menyapa-semua-orang-1785814408,[Y6FHNS] Anak Sekolah Ini Selalu Menyapa Semua Orang,https://cdn.aceimg.com/0Sr7kD1mK.jpg,Jangan lewatkan keseruan ini! Update setiap hari. #fyp #viral #trending,y6FHNsBH1,Y6FHNS
aofepz-murid-yang-diam-diam-menabung-demi-mimpi-1785814493,[AOFEPZ] Murid yang Diam-Diam Menabung Demi Mimpi,https://cdn.aceimg.com/5MMhlca1O.jpg,Jangan lewatkan keseruan ini! Update setiap hari. #fyp #viral #trending,AofEPz991,AOFEPZ
uv03uz-cerita-tak-terlupakan-saat-kemah-sekolah-1785814596,[UV03UZ] Cerita Tak Terlupakan Saat Kemah Sekolah,https://cdn.aceimg.com/vHFCKVPtI.jpg,Update harian spesial untuk kamu! Jangan sampai ketinggalan. #fyp #viral #trending,uV03uZzb1,UV03UZ
goytbz-semua-berawal-dari-sebuah-tugas-kelompok-1785814727,[GOYTBZ] Semua Berawal dari Sebuah Tugas Kelompok,https://cdn.aceimg.com/ZY2vuWke8.jpg,Koleksi eksklusif | cek videonya sekarang! #fyp #viral #trending,GOytbz0t1,GOYTBZ
gv7pfq-anak-sekolah-ini-membantu-teman-tanpa-pamrih-1785814814,[GV7PFQ] Anak Sekolah Ini Membantu Teman Tanpa Pamrih,https://cdn.aceimg.com/aIkTILYCS.jpg,Video terbaru yang wajib kamu tonton sekarang juga! #fyp #viral #trending,gV7PfqbE1,GV7PFQ
uxos08-ketika-seluruh-kelas-memberikan-kejutan-1785814898,[UXOS08] Ketika Seluruh Kelas Memberikan Kejutan,https://cdn.aceimg.com/bLkPoHdV6.jpg,Cuma di sini tempatnya konten seru! Update terus. #fyp #viral #trending,UXOs08tv1,UXOS08
agh5um-murid-yang-berani-mengakui-kesalahannya-1785815047,[AGH5UM] Murid yang Berani Mengakui Kesalahannya,https://cdn.aceimg.com/aWcb5NHts.jpg,Koleksi eksklusif | cek videonya sekarang! #fyp #viral #trending,Agh5uMme1,AGH5UM
flvsex-guru-yang-tidak-pernah-menyerah-pada-muridnya-1785815186,[FLVSEX] Guru yang Tidak Pernah Menyerah pada Muridnya,https://cdn.aceimg.com/njMwJ2OGc.jpg,Konten paling dicari saat ini! Tonton sampai habis. #fyp #viral #trending,FlvSeXT11,FLVSEX
s4x156-sebuah-hadiah-kecil-yang-bermakna-besar-1785815305,[S4X156] Sebuah Hadiah Kecil yang Bermakna Besar,https://cdn.aceimg.com/30Fz8TbNc.jpg,Siap-siap terhibur dengan video terbaru kami! #fyp #viral #trending,S4x1560W1,S4X156
siqmoc-anak-sekolah-ini-menjadi-contoh-bagi-temannya-1785815497,[SIQMOC] Anak Sekolah Ini Menjadi Contoh bagi Temannya,https://cdn.aceimg.com/0MkbVlBTs.jpg,Panas! Video trending hari ini | tonton sekarang. #fyp #viral #trending,sIQMocyU1,SIQMOC
ot9pge-momen-saat-semua-orang-belajar-arti-keikhlasan-1785815648,[OT9PGE] Momen Saat Semua Orang Belajar Arti Keikhlasan,https://cdn.aceimg.com/aylwVHSaF.jpg,Jangan lewatkan keseruan ini! Update setiap hari. #fyp #viral #trending,oT9PgeaY1,OT9PGE
ey71km-murid-yang-selalu-menepati-janji-1785815905,[EY71KM] Murid yang Selalu Menepati Janji,https://cdn.aceimg.com/Q9i82JG7v.jpg,Koleksi eksklusif | cek videonya sekarang! #fyp #viral #trending,EY71KMbc1,EY71KM
unjsir-hari-yang-mengubah-hidup-seorang-pelajar-1785816049,[UNJSIR] Hari yang Mengubah Hidup Seorang Pelajar,https://cdn.aceimg.com/izpGd1EFU.jpg,Jangan lewatkan keseruan ini! Update setiap hari. #fyp #viral #trending,UnJsiR9i1,UNJSIR
5ishc8-anak-sekolah-ini-membuat-semua-orang-tersenyum-1785816179,[5ISHC8] Anak Sekolah Ini Membuat Semua Orang Tersenyum,https://cdn.aceimg.com/lN0zCvju5.jpg,Jangan lewatkan keseruan ini! Update setiap hari. #fyp #viral #trending,5iShC8PS1,5ISHC8
vqpusv-sebuah-kejutan-di-acara-perpisahan-sekolah-1785816304,[VQPUSV] Sebuah Kejutan di Acara Perpisahan Sekolah,https://cdn.aceimg.com/vw1uCAg22.jpg,Panas! Video trending hari ini | tonton sekarang. #fyp #viral #trending,VqPUsVeR1,VQPUSV
oowjvc-murid-yang-berhasil-melawan-rasa-takut-1785816411,[OOWJVC] Murid yang Berhasil Melawan Rasa Takut,https://cdn.aceimg.com/eAikXQdkQ.jpg,Siap-siap terhibur dengan video terbaru kami! #fyp #viral #trending,OOWjvC491,OOWJVC
7n1oq4-guru-mengingat-satu-murid-selama-bertahun-tahun-1785816499,[7N1OQ4] Guru Mengingat Satu Murid Selama Bertahun-Tahun,https://cdn.aceimg.com/RZwiHEiJ9.jpg,Jangan lewatkan keseruan ini! Update setiap hari. #fyp #viral #trending,7n1oq4Mo1,7N1OQ4
adu54u-kisah-hebat-yang-berawal-dari-bangku-sekolah-1785816577,[ADU54U] Kisah Hebat yang Berawal dari Bangku Sekolah,https://cdn.aceimg.com/0br3z8wqG.jpg,Siap-siap terhibur dengan video terbaru kami! #fyp #viral #trending,aDu54ukx1,ADU54U
qyx3iv-anak-sekolah-ini-berhasil-meraih-mimpi-yang-mustahil-1785816664,[QYX3IV] Anak Sekolah Ini Berhasil Meraih Mimpi yang Mustahil,https://cdn.aceimg.com/VnYspOo2q.jpg,Update harian spesial untuk kamu! Jangan sampai ketinggalan. #fyp #viral #trending,qyx3iVaZ1,QYX3IV
ta0saq-murid-yang-tidak-pernah-menyerah-meski-gagal-berkali-kali-1785816730,[TA0SAQ] Murid yang Tidak Pernah Menyerah Meski Gagal Berkali-Kali,https://cdn.aceimg.com/TfolDraGk.jpg,Konten paling dicari saat ini! Tonton sampai habis. #fyp #viral #trending,tA0SAqDD1,TA0SAQ
hrhvr3-murid-ini-mengubah-suasana-kelas-hanya-dengan-satu-tindakan-1785838529,[HRHVR3] Murid Ini Mengubah Suasana Kelas Hanya dengan Satu Tindakan,https://cdn.aceimg.com/OUvmuoZ65.jpg,Update harian spesial untuk kamu! Jangan sampai ketinggalan. #fyp #viral #trending,hrHvR3ga1,HRHVR3
u8ptmh-kisah-anak-sekolah-yang-selalu-menyimpan-senyum-1785838686,[U8PTMH] Kisah Anak Sekolah yang Selalu Menyimpan Senyum,https://cdn.aceimg.com/dJfVF4Bsr.jpg,Video terbaru yang wajib kamu tonton sekarang juga! #fyp #viral #trending,u8PTmHBD1,U8PTMH
afg5lz-bangku-terakhir-menjadi-saksi-sebuah-keajaiban-1785838851,[AFG5LZ] Bangku Terakhir Menjadi Saksi Sebuah Keajaiban,https://cdn.aceimg.com/RHkzk6UiC.jpg,Panas! Video trending hari ini | tonton sekarang. #fyp #viral #trending,aFG5lzU81,AFG5LZ
mcej5u-guru-itu-akhirnya-menemukan-jawaban-yang-dicari-1785839051,[MCEJ5U] Guru Itu Akhirnya Menemukan Jawaban yang Dicari,https://cdn.aceimg.com/MnhNz53DQ.jpg,Konten paling dicari saat ini! Tonton sampai habis. #fyp #viral #trending,mCeJ5Uno1,MCEJ5U
oxasno-hari-biasa-yang-berubah-menjadi-kenangan-seumur-hidup-1785839300,[OXASNO] Hari Biasa yang Berubah Menjadi Kenangan Seumur Hidup,https://cdn.aceimg.com/vs8Icb9My.jpg,Panas! Video trending hari ini | tonton sekarang. #fyp #viral #trending,oxasNoP21,OXASNO
wwkvvi-anak-sekolah-ini-selalu-membawa-buku-yang-sama-1785840386,[WWKVVI] Anak Sekolah Ini Selalu Membawa Buku yang Sama,https://cdn.aceimg.com/7K7m73mgm.jpg,Video terbaru yang wajib kamu tonton sekarang juga! #fyp #viral #trending,WWkVvijm1,WWKVVI
4p3tqj-semua-murid-terdiam-saat-bel-pulang-berbunyi-1785840489,[4P3TQJ] Semua Murid Terdiam Saat Bel Pulang Berbunyi,https://cdn.aceimg.com/izgehHFjH.jpg,Cuma di sini tempatnya konten seru! Update terus. #fyp #viral #trending,4p3tqjxm1,4P3TQJ
bts5h4-murid-baru-membuat-satu-sekolah-penasaran-1785840591,[BTS5H4] Murid Baru Membuat Satu Sekolah Penasaran,https://cdn.aceimg.com/BRn0Lerg0.jpg,Koleksi eksklusif | cek videonya sekarang! #fyp #viral #trending,bTS5h4Xn1,BTS5H4
moj9mv-sebuah-tugas-sekolah-mengubah-jalan-hidup-seorang-pelajar-1785840677,[MOJ9MV] Sebuah Tugas Sekolah Mengubah Jalan Hidup Seorang Pelajar,https://cdn.aceimg.com/tPVV98tqZ.jpg,Gak perlu cari lagi | ini dia yang kamu tunggu! #fyp #viral #trending,MOj9MVwE1,MOJ9MV
d4svc6-anak-sekolah-yang-tidak-pernah-kehilangan-harapan-1785840786,[D4SVC6] Anak Sekolah yang Tidak Pernah Kehilangan Harapan,https://cdn.aceimg.com/nacDlBOHU.jpg,Konten paling dicari saat ini! Tonton sampai habis. #fyp #viral #trending,D4sVc6F61,D4SVC6
mkd7xk-guru-memberikan-tantangan-yang-tak-terduga-1785840854,[MKD7XK] Guru Memberikan Tantangan yang Tak Terduga,https://cdn.aceimg.com/E5Z1qXzPG.jpg,Cuma di sini tempatnya konten seru! Update terus. #fyp #viral #trending,MKd7XkoW1,MKD7XK
iu4u3r-momen-yang-membuat-seluruh-kelas-berdiri-bersama-1785840953,[IU4U3R] Momen yang Membuat Seluruh Kelas Berdiri Bersama,https://cdn.aceimg.com/bJjIoMlxi.jpg,Cuma di sini tempatnya konten seru! Update terus. #fyp #viral #trending,Iu4u3rp81,IU4U3R
odnaw2-cerita-di-balik-buku-catatan-yang-lusuh-1785841090,[ODNAW2] Cerita di Balik Buku Catatan yang Lusuh,https://cdn.aceimg.com/CzwUCPkWh.jpg,Panas! Video trending hari ini | tonton sekarang. #fyp #viral #trending,odnaW26V1,ODNAW2
ccnaag-murid-yang-selalu-pulang-sendiri-akhirnya-bercerita-1785841231,[CCNAAG] Murid yang Selalu Pulang Sendiri Akhirnya Bercerita,https://cdn.aceimg.com/HuWTRQT94.jpg,Video terbaru yang wajib kamu tonton sekarang juga! #fyp #viral #trending,CcNAAgMq1,CCNAAG
wtmoye-anak-sekolah-ini-selalu-menolong-tanpa-diketahui-1785841581,[WTMOYE] Anak Sekolah Ini Selalu Menolong Tanpa Diketahui,https://cdn.aceimg.com/vAkYFIm5B.jpg,Cuma di sini tempatnya konten seru! Update terus. #fyp #viral #trending,WTmoyeZE1,WTMOYE
dydban-semua-berubah-setelah-satu-pertanyaan-di-kelas-1785841704,[DYDBAN] Semua Berubah Setelah Satu Pertanyaan di Kelas,https://cdn.aceimg.com/u86fCIAwQ.jpg,Gak perlu cari lagi | ini dia yang kamu tunggu! #fyp #viral #trending,dydBAnb51,DYDBAN
yjo3ks-kisah-pelajar-yang-berani-memulai-dari-nol-1785841782,[YJO3KS] Kisah Pelajar yang Berani Memulai dari Nol,https://cdn.aceimg.com/ZiGdOgpp5.jpg,Siap-siap terhibur dengan video terbaru kami! #fyp #viral #trending,yJo3ksWx1,YJO3KS
1udxk8-murid-ini-tidak-pernah-meminta-pujian-1785841956,[1UDXK8] Murid Ini Tidak Pernah Meminta Pujian,https://cdn.aceimg.com/KyxN7laNr.jpg,Cuma di sini tempatnya konten seru! Update terus. #fyp #viral #trending,1UDXK8e91,1UDXK8
shx2c3-ketika-seluruh-kelas-belajar-arti-kejujuran-1785842044,[SHX2C3] Ketika Seluruh Kelas Belajar Arti Kejujuran,https://cdn.aceimg.com/X4GsWFPQ7.jpg,Panas! Video trending hari ini | tonton sekarang. #fyp #viral #trending,shX2c3vy1,SHX2C3
eyyf8b-anak-sekolah-yang-mengajarkan-arti-kesabaran-1785842106,[EYYF8B] Anak Sekolah yang Mengajarkan Arti Kesabaran,https://cdn.aceimg.com/muAkXR9wx.jpg,Koleksi eksklusif | cek videonya sekarang! #fyp #viral #trending,eYyf8bXX1,EYYF8B
vbbjc1-cerita-sederhana-dengan-akhir-yang-indah-1785842176,[VBBJC1] Cerita Sederhana dengan Akhir yang Indah,https://cdn.aceimg.com/RdMxfXIR0.jpg,Gak perlu cari lagi | ini dia yang kamu tunggu! #fyp #viral #trending,vBbjc15W1,VBBJC1
kt2b0w-murid-ini-membuktikan-bahwa-usaha-tidak-pernah-sia-sia-1785842259,[KT2B0W] Murid Ini Membuktikan Bahwa Usaha Tidak Pernah Sia-Sia,https://cdn.aceimg.com/PVFYeDmNh.jpg,Koleksi eksklusif | cek videonya sekarang! #fyp #viral #trending,kt2b0WBd1,KT2B0W
1mnops-guru-terdiam-melihat-perubahan-muridnya-1785842328,[1MNOPS] Guru Terdiam Melihat Perubahan Muridnya,https://cdn.aceimg.com/bKPlfRGzs.jpg,Jangan lewatkan keseruan ini! Update setiap hari. #fyp #viral #trending,1mnOpS4E1,1MNOPS
gqzjul-kisah-anak-sekolah-yang-tak-pernah-putus-asa-1785842687,[GQZJUL] Kisah Anak Sekolah yang Tak Pernah Putus Asa,https://cdn.aceimg.com/D0eMNJW31.jpg,Gak perlu cari lagi | ini dia yang kamu tunggu! #fyp #viral #trending,GQzjuLNx1,GQZJUL
5aqwgi-hari-itu-semua-orang-belajar-tentang-kebaikan-1785842746,[5AQWGI] Hari Itu Semua Orang Belajar Tentang Kebaikan,https://cdn.aceimg.com/I14V34SOh.jpg,Panas! Video trending hari ini | tonton sekarang. #fyp #viral #trending,5aQWGi9y1,5AQWGI
nkk5os-murid-yang-selalu-membantu-tanpa-diminta-1785842812,[NKK5OS] Murid yang Selalu Membantu Tanpa Diminta,https://cdn.aceimg.com/dDY6Nw6Nh.jpg,Gak perlu cari lagi | ini dia yang kamu tunggu! #fyp #viral #trending,nkk5OSyQ1,NKK5OS
rl69i9-anak-sekolah-ini-berhasil-melewati-ketakutannya-1785842956,[RL69I9] Anak Sekolah Ini Berhasil Melewati Ketakutannya,https://cdn.aceimg.com/pVFsgg6AW.jpg,Konten paling dicari saat ini! Tonton sampai habis. #fyp #viral #trending,rL69i90a1,RL69I9
b79ywy-kisah-yang-berawal-dari-perpustakaan-sekolah-1785843045,[B79YWY] Kisah yang Berawal dari Perpustakaan Sekolah,https://cdn.aceimg.com/OsaOfo5IB.jpg,Konten paling dicari saat ini! Tonton sampai habis. #fyp #viral #trending,B79ywyup1,B79YWY
pr2acd-tidak-semua-pahlawan-berdiri-di-depan-kelas-1785843107,[PR2ACD] Tidak Semua Pahlawan Berdiri di Depan Kelas,https://cdn.aceimg.com/NCkbOp3UC.jpg,Koleksi eksklusif | cek videonya sekarang! #fyp #viral #trending,pR2aCDRH1,PR2ACD
2ti5jb-murid-ini-menjadi-inspirasi-tanpa-disadari-1785843200,[2TI5JB] Murid Ini Menjadi Inspirasi Tanpa Disadari,https://cdn.aceimg.com/tr4gnwqka.jpg,Update harian spesial untuk kamu! Jangan sampai ketinggalan. #fyp #viral #trending,2Ti5jbu01,2TI5JB
9cm5gd-saat-guru-memberikan-kesempatan-kedua-1785843460,[9CM5GD] Saat Guru Memberikan Kesempatan Kedua,https://cdn.aceimg.com/udjqtiKX6.jpg,Saksikan keseruannya di sini | update terus setiap harinya! #fyp #viral #trending,9CM5GDXv1,9CM5GD
cpuax9-cerita-anak-sekolah-yang-tidak-pernah-mengeluh-1785844021,[CPUAX9] Cerita Anak Sekolah yang Tidak Pernah Mengeluh,https://cdn.aceimg.com/yhamYyt47.jpg,Gak perlu cari lagi | ini dia yang kamu tunggu! #fyp #viral #trending,cpuaX9Lc1,CPUAX9
1ko3rh-sebuah-pengumuman-yang-mengubah-segalanya-1785844094,[1KO3RH] Sebuah Pengumuman yang Mengubah Segalanya,https://cdn.aceimg.com/SYx42d7Up.jpg,Video terbaru yang wajib kamu tonton sekarang juga! #fyp #viral #trending,1KO3rHFy1,1KO3RH
eyuqpk-anak-sekolah-ini-selalu-percaya-pada-mimpinya-1785844157,[EYUQPK] Anak Sekolah Ini Selalu Percaya pada Mimpinya,https://cdn.aceimg.com/rMqiG0Gvn.jpg,Koleksi eksklusif | cek videonya sekarang! #fyp #viral #trending,eyuQpkwx1,EYUQPK
ijhols-momen-yang-membuat-seluruh-sekolah-bangga-1785844219,[IJHOLS] Momen yang Membuat Seluruh Sekolah Bangga,https://cdn.aceimg.com/BWNwQX6yu.jpg,Konten paling dicari saat ini! Tonton sampai habis. #fyp #viral #trending,IjHOLslu1,IJHOLS
h3thld-murid-pendiam-yang-menjadi-sorotan-1785844279,[H3THLD] Murid Pendiam yang Menjadi Sorotan,https://cdn.aceimg.com/eG8AAZY0s.jpg,Siap-siap terhibur dengan video terbaru kami! #fyp #viral #trending,h3tHLDL61,H3THLD
s0jv0a-hari-ketika-semua-orang-belajar-menghargai-teman-1785844370,[S0JV0A] Hari Ketika Semua Orang Belajar Menghargai Teman,https://cdn.aceimg.com/1KrtLJhKA.jpg,Video terbaru yang wajib kamu tonton sekarang juga! #fyp #viral #trending,S0jV0Agd1,S0JV0A
ug5elf-kisah-di-balik-seragam-yang-selalu-rapi-1785844438,[UG5ELF] Kisah di Balik Seragam yang Selalu Rapi,https://cdn.aceimg.com/vBU9FPXF8.jpg,Gak perlu cari lagi | ini dia yang kamu tunggu! #fyp #viral #trending,uG5eLftQ1,UG5ELF
00kusv-anak-sekolah-ini-mengajarkan-arti-berbagi-1785844599,[00KUSV] Anak Sekolah Ini Mengajarkan Arti Berbagi,https://cdn.aceimg.com/Q7uidxp8f.jpg,Koleksi eksklusif | cek videonya sekarang! #fyp #viral #trending,00kUsVug1,00KUSV
vsbhq3-guru-tidak-pernah-lupa-murid-yang-satu-ini-1785844696,[VSBHQ3] Guru Tidak Pernah Lupa Murid yang Satu Ini,https://cdn.aceimg.com/byTS8RWnU.jpg,Siap-siap terhibur dengan video terbaru kami! #fyp #viral #trending,vSbHQ3Vl1,VSBHQ3
xsiaf9-sebuah-janji-yang-ditepati-bertahun-tahun-kemudian-1785845106,[XSIAF9] Sebuah Janji yang Ditepati Bertahun-Tahun Kemudian,https://cdn.aceimg.com/gCBkGrwPc.jpg,Jangan lewatkan keseruan ini! Update setiap hari. #fyp #viral #trending,XSiaF9GK1,XSIAF9
lhgyce-murid-ini-membuat-satu-kelas-tersenyum-1785845257,[LHGYCE] Murid Ini Membuat Satu Kelas Tersenyum,https://cdn.aceimg.com/CAlzRYetu.jpg,Cuma di sini tempatnya konten seru! Update terus. #fyp #viral #trending,LhgYceUx1,LHGYCE
tckw64-anak-sekolah-yang-tidak-pernah-menyerah-pada-keadaan-1785845505,[TCKW64] Anak Sekolah yang Tidak Pernah Menyerah pada Keadaan,https://cdn.aceimg.com/cX2A1LKj1.jpg,Koleksi eksklusif | cek videonya sekarang! #fyp #viral #trending,TckW64FL1,TCKW64
nf9pfe-semua-orang-salah-menilai-murid-ini-1785845607,[NF9PFE] Semua Orang Salah Menilai Murid Ini,https://cdn.aceimg.com/P2gzHu2Nd.jpg,Update harian spesial untuk kamu! Jangan sampai ketinggalan. #fyp #viral #trending,nf9PFEyI1,NF9PFE
uyaovc-kisah-yang-berawal-dari-sebuah-permintaan-maaf-1785845697,[UYAOVC] Kisah yang Berawal dari Sebuah Permintaan Maaf,https://cdn.aceimg.com/Exew0hI74.jpg,Gak perlu cari lagi | ini dia yang kamu tunggu! #fyp #viral #trending,UyaoVCox1,UYAOVC
8vsmkf-guru-tersenyum-melihat-perubahan-kecil-itu-1785845764,[8VSMKF] Guru Tersenyum Melihat Perubahan Kecil Itu,https://cdn.aceimg.com/ON9oyuNk4.jpg,Saksikan keseruannya di sini | update terus setiap harinya! #fyp #viral #trending,8VsMkfLs1,8VSMKF
pcgj6c-murid-ini-menjadi-harapan-keluarganya-1785845861,[PCGJ6C] Murid Ini Menjadi Harapan Keluarganya,https://cdn.aceimg.com/HSbMj9Dym.jpg,Siap-siap terhibur dengan video terbaru kami! #fyp #viral #trending,pCGJ6cXE1,PCGJ6C
behnom-cerita-yang-membuat-kamu-bersyukur-pernah-sekolah-1785846070,[BEHNOM] Cerita yang Membuat Kamu Bersyukur Pernah Sekolah,https://cdn.aceimg.com/eN9PALLMN.jpg,Update harian spesial untuk kamu! Jangan sampai ketinggalan. #fyp #viral #trending,BehnOMHf1,BEHNOM
nh5k2b-anak-sekolah-ini-selalu-memilih-berbuat-baik-1785846176,[NH5K2B] Anak Sekolah Ini Selalu Memilih Berbuat Baik,https://cdn.aceimg.com/ra3rP2GA0.jpg,Koleksi eksklusif | cek videonya sekarang! #fyp #viral #trending,nH5K2bc31,NH5K2B
f6mwmo-momen-kecil-yang-mengubah-persahabatan-1785846264,[F6MWMO] Momen Kecil yang Mengubah Persahabatan,https://cdn.aceimg.com/oMpVCazhW.jpg,Update harian spesial untuk kamu! Jangan sampai ketinggalan. #fyp #viral #trending,f6mwMOUc1,F6MWMO
rakoxl-kisah-pelajar-yang-menolak-menyerah-1785846353,[RAKOXL] Kisah Pelajar yang Menolak Menyerah,https://cdn.aceimg.com/bgw7W1gE5.jpg,Konten paling dicari saat ini! Tonton sampai habis. #fyp #viral #trending,rAkOXlEg1,RAKOXL
2bhfg2-murid-ini-tidak-pernah-melupakan-gurunya-1785846462,[2BHFG2] Murid Ini Tidak Pernah Melupakan Gurunya,https://cdn.aceimg.com/vKanbK1B1.jpg,Gak perlu cari lagi | ini dia yang kamu tunggu! #fyp #viral #trending,2BhFG2ca1,2BHFG2
h1keha-hari-ketika-seluruh-kelas-bersatu-1785846527,[H1KEHA] Hari Ketika Seluruh Kelas Bersatu,https://cdn.aceimg.com/hixdoyltm.jpg,Siap-siap terhibur dengan video terbaru kami! #fyp #viral #trending,h1KEhA3t1,H1KEHA
bplxy5-anak-sekolah-ini-membuktikan-bahwa-mimpi-bisa-dikejar-1785846652,[BPLXY5] Anak Sekolah Ini Membuktikan Bahwa Mimpi Bisa Dikejar,https://cdn.aceimg.com/5BMXw2MMh.jpg,Koleksi eksklusif | cek videonya sekarang! #fyp #viral #trending,BPLxy5uf1,BPLXY5
khsose-guru-memberikan-pelajaran-yang-tidak-ada-di-buku-1785846722,[KHSOSE] Guru Memberikan Pelajaran yang Tidak Ada di Buku,https://cdn.aceimg.com/9XJQiNsU4.jpg,Gak perlu cari lagi | ini dia yang kamu tunggu! #fyp #viral #trending,kHSOsEV01,KHSOSE
cvunpd-murid-ini-selalu-menjadi-penyemangat-temannya-1785846788,[CVUNPD] Murid Ini Selalu Menjadi Penyemangat Temannya,https://cdn.aceimg.com/qXk79tH7p.jpg,Siap-siap terhibur dengan video terbaru kami! #fyp #viral #trending,cVuNPDdF1,CVUNPD
gtwtwj-sebuah-kesempatan-mengubah-masa-depannya-1785846849,[GTWTWJ] Sebuah Kesempatan Mengubah Masa Depannya,https://cdn.aceimg.com/3dJZixqnm.jpg,Siap-siap terhibur dengan video terbaru kami! #fyp #viral #trending,GTWtWJiA1,GTWTWJ
tftibd-anak-sekolah-yang-selalu-membawa-harapan-1785847086,[TFTIBD] Anak Sekolah yang Selalu Membawa Harapan,https://cdn.aceimg.com/ZStnP1oIG.jpg,Konten paling dicari saat ini! Tonton sampai habis. #fyp #viral #trending,tFTiBDQf1,TFTIBD
tlkpa1-kisah-yang-membuat-semua-orang-tersenyum-1785847194,[TLKPA1] Kisah yang Membuat Semua Orang Tersenyum,https://cdn.aceimg.com/t0udmMI0a.jpg,Gak perlu cari lagi | ini dia yang kamu tunggu! #fyp #viral #trending,tLkpa1Cp1,TLKPA1
